Image,Prompt,MOS
deepai_0_0_0_0.jpg,"bird, driving aircraft, city, anime style",2.7934105045636524
deepai_0_0_0_1.jpg,"bird, driving aircraft, city, realistic style",4.159969360254004
deepai_0_0_1_0.jpg,"bird, driving aircraft, wild, anime style",3.4862347848568365
deepai_0_0_1_1.jpg,"bird, driving aircraft, wild, realistic style",2.4619764561843307
deepai_0_1_0_0.jpg,"bird, driving bike, city, anime style",2.6468698299611035
deepai_0_1_0_1.jpg,"bird, driving bike, city, realistic style",2.685595472540848
deepai_0_1_1_0.jpg,"bird, driving bike, wild, anime style",2.751209997568689
deepai_0_1_1_1.jpg,"bird, driving bike, wild, realistic style",2.915541194578608
deepai_0_10_0_0.jpg,"bird, using laptop, city, anime style",2.315683428435662
deepai_0_10_0_1.jpg,"bird, using laptop, city, realistic style",2.8145873408867215
deepai_0_10_1_0.jpg,"bird, using laptop, wild, anime style",2.7142423173161987
deepai_0_10_1_1.jpg,"bird, using laptop, wild, realistic style",2.878534379783441
deepai_0_11_0_0.jpg,"bird, using phone, city, anime style",2.964871092867692
deepai_0_11_0_1.jpg,"bird, using phone, city, realistic style",4.410898610516716
deepai_0_11_1_0.jpg,"bird, using phone, wild, anime style",3.3241957711148444
deepai_0_11_1_1.jpg,"bird, using phone, wild, realistic style",2.3602495612350465
deepai_0_12_0_0.jpg,"bird, wearing coat, city, anime style",2.4569882665449083
deepai_0_12_0_1.jpg,"bird, wearing coat, city, realistic style",3.2262158782300103
deepai_0_12_1_0.jpg,"bird, wearing coat, wild, anime style",3.602957099994629
deepai_0_12_1_1.jpg,"bird, wearing coat, wild, realistic style",3.367134900737525
deepai_0_13_0_0.jpg,"bird, wearing hat, city, anime style",2.2565310193712476
deepai_0_13_0_1.jpg,"bird, wearing hat, city, realistic style",3.0596697236777057
deepai_0_13_1_0.jpg,"bird, wearing hat, wild, anime style",2.055584546985154
deepai_0_13_1_1.jpg,"bird, wearing hat, wild, realistic style",2.0699250367458917
deepai_0_14_0_0.jpg,"bird, wearing shirt, city, anime style",3.01785011693714
deepai_0_14_0_1.jpg,"bird, wearing shirt, city, realistic style",3.7092467706470655
deepai_0_14_1_0.jpg,"bird, wearing shirt, wild, anime style",2.730899468491693
deepai_0_14_1_1.jpg,"bird, wearing shirt, wild, realistic style",3.473402250548638
deepai_0_2_0_0.jpg,"bird, driving car, city, anime style",4.075553053252517
deepai_0_2_0_1.jpg,"bird, driving car, city, realistic style",1.9520389498254767
deepai_0_2_1_0.jpg,"bird, driving car, wild, anime style",2.6803007270463564
deepai_0_2_1_1.jpg,"bird, driving car, wild, realistic style",2.5190716388298653
deepai_0_3_0_0.jpg,"bird, having hamburger, city, anime style",2.8564591739006215
deepai_0_3_0_1.jpg,"bird, having hamburger, city, realistic style",3.3751293125081734
deepai_0_3_1_0.jpg,"bird, having hamburger, wild, anime style",3.356771852987784
deepai_0_3_1_1.jpg,"bird, having hamburger, wild, realistic style",2.9154277029880813
deepai_0_4_0_0.jpg,"bird, having icecream, city, anime style",2.9596150924147335
deepai_0_4_0_1.jpg,"bird, having icecream, city, realistic style",2.4629856966610832
deepai_0_4_1_0.jpg,"bird, having icecream, wild, anime style",2.3303215732235967
deepai_0_4_1_1.jpg,"bird, having icecream, wild, realistic style",2.933034641526733
deepai_0_5_0_0.jpg,"bird, having pizza, city, anime style",2.53781285046323
deepai_0_5_0_1.jpg,"bird, having pizza, city, realistic style",1.987828400909992
deepai_0_5_1_0.jpg,"bird, having pizza, wild, anime style",2.8266829587293714
deepai_0_5_1_1.jpg,"bird, having pizza, wild, realistic style",2.1142921380537385
deepai_0_6_0_0.jpg,"bird, playing baseball, city, anime style",2.8894452529900434
deepai_0_6_0_1.jpg,"bird, playing baseball, city, realistic style",2.4520555123639873
deepai_0_6_1_0.jpg,"bird, playing baseball, wild, anime style",2.8790570773634823
deepai_0_6_1_1.jpg,"bird, playing baseball, wild, realistic style",1.698700921136731
deepai_0_7_0_0.jpg,"bird, playing football, city, anime style",2.7380109587492516
deepai_0_7_0_1.jpg,"bird, playing football, city, realistic style",3.0942994650339286
deepai_0_7_1_0.jpg,"bird, playing football, wild, anime style",2.957250257837281
deepai_0_7_1_1.jpg,"bird, playing football, wild, realistic style",3.0434524751507066
deepai_0_8_0_0.jpg,"bird, playing yoga, city, anime style",2.6334824596092368
deepai_0_8_0_1.jpg,"bird, playing yoga, city, realistic style",2.9097179515368636
deepai_0_8_1_0.jpg,"bird, playing yoga, wild, anime style",2.4279722965847936
deepai_0_8_1_1.jpg,"bird, playing yoga, wild, realistic style",1.6631885099764177
deepai_0_9_0_0.jpg,"bird, using CD, city, anime style",2.9932162205615156
deepai_0_9_0_1.jpg,"bird, using CD, city, realistic style",3.9638100881446268
deepai_0_9_1_0.jpg,"bird, using CD, wild, anime style",3.278513421292411
deepai_0_9_1_1.jpg,"bird, using CD, wild, realistic style",1.8454857204806403
deepai_1_0_0_0.jpg,"cat, driving aircraft, city, anime style",2.5398185040436014
deepai_1_0_0_1.jpg,"cat, driving aircraft, city, realistic style",3.8156485844782906
deepai_1_0_1_0.jpg,"cat, driving aircraft, wild, anime style",3.2830132385885658
deepai_1_0_1_1.jpg,"cat, driving aircraft, wild, realistic style",3.91937154614685
deepai_1_1_0_0.jpg,"cat, driving bike, city, anime style",2.7059238059805066
deepai_1_1_0_1.jpg,"cat, driving bike, city, realistic style",2.0356427853424925
deepai_1_1_1_0.jpg,"cat, driving bike, wild, anime style",2.438638069320326
deepai_1_1_1_1.jpg,"cat, driving bike, wild, realistic style",2.7453446718756314
deepai_1_10_0_0.jpg,"cat, using laptop, city, anime style",2.0465949943726742
deepai_1_10_0_1.jpg,"cat, using laptop, city, realistic style",2.8099901339053663
deepai_1_10_1_0.jpg,"cat, using laptop, wild, anime style",2.954689768213242
deepai_1_10_1_1.jpg,"cat, using laptop, wild, realistic style",2.304444393609687
deepai_1_11_0_0.jpg,"cat, using phone, city, anime style",2.531077588946309
deepai_1_11_0_1.jpg,"cat, using phone, city, realistic style",2.612890409161085
deepai_1_11_1_0.jpg,"cat, using phone, wild, anime style",1.976837057337133
deepai_1_11_1_1.jpg,"cat, using phone, wild, realistic style",2.1857827507997794
deepai_1_12_0_0.jpg,"cat, wearing coat, city, anime style",4.031783586140512
deepai_1_12_0_1.jpg,"cat, wearing coat, city, realistic style",2.9692548721905094
deepai_1_12_1_0.jpg,"cat, wearing coat, wild, anime style",2.96968273583569
deepai_1_12_1_1.jpg,"cat, wearing coat, wild, realistic style",4.194483749246269
deepai_1_13_0_0.jpg,"cat, wearing hat, city, anime style",2.6603860955509213
deepai_1_13_0_1.jpg,"cat, wearing hat, city, realistic style",2.589072847313763
deepai_1_13_1_0.jpg,"cat, wearing hat, wild, anime style",2.7415230647591637
deepai_1_13_1_1.jpg,"cat, wearing hat, wild, realistic style",2.7271819211397594
deepai_1_14_0_0.jpg,"cat, wearing shirt, city, anime style",3.0169494844542943
deepai_1_14_0_1.jpg,"cat, wearing shirt, city, realistic style",3.0380151537521245
deepai_1_14_1_0.jpg,"cat, wearing shirt, wild, anime style",2.2016073015628526
deepai_1_14_1_1.jpg,"cat, wearing shirt, wild, realistic style",3.9624162740126083
deepai_1_2_0_0.jpg,"cat, driving car, city, anime style",3.135996942865934
deepai_1_2_0_1.jpg,"cat, driving car, city, realistic style",3.2109579068295258
deepai_1_2_1_0.jpg,"cat, driving car, wild, anime style",2.919788543066456
deepai_1_2_1_1.jpg,"cat, driving car, wild, realistic style",4.187626336861447
deepai_1_3_0_0.jpg,"cat, having hamburger, city, anime style",2.308561794556081
deepai_1_3_0_1.jpg,"cat, having hamburger, city, realistic style",2.7631279543703786
deepai_1_3_1_0.jpg,"cat, having hamburger, wild, anime style",2.7721866529989785
deepai_1_3_1_1.jpg,"cat, having hamburger, wild, realistic style",2.8816822315566872
deepai_1_4_0_0.jpg,"cat, having icecream, city, anime style",2.914657314154924
deepai_1_4_0_1.jpg,"cat, having icecream, city, realistic style",2.6342075267144347
deepai_1_4_1_0.jpg,"cat, having icecream, wild, anime style",2.811922031598051
deepai_1_4_1_1.jpg,"cat, having icecream, wild, realistic style",2.4003286727845388
deepai_1_5_0_0.jpg,"cat, having pizza, city, anime style",2.7657193087608656
deepai_1_5_0_1.jpg,"cat, having pizza, city, realistic style",2.7118538578849236
deepai_1_5_1_0.jpg,"cat, having pizza, wild, anime style",3.0513694711290067
deepai_1_5_1_1.jpg,"cat, having pizza, wild, realistic style",2.320564252027644
deepai_1_6_0_0.jpg,"cat, playing baseball, city, anime style",2.785716567504222
deepai_1_6_0_1.jpg,"cat, playing baseball, city, realistic style",2.9967846153229334
deepai_1_6_1_0.jpg,"cat, playing baseball, wild, anime style",2.919869927944069
deepai_1_6_1_1.jpg,"cat, playing baseball, wild, realistic style",2.2012977037823984
deepai_1_7_0_0.jpg,"cat, playing football, city, anime style",3.58999010494731
deepai_1_7_0_1.jpg,"cat, playing football, city, realistic style",2.8517551576327533
deepai_1_7_1_0.jpg,"cat, playing football, wild, anime style",2.734071997422264
deepai_1_7_1_1.jpg,"cat, playing football, wild, realistic style",3.7670831835214784
deepai_1_8_0_0.jpg,"cat, playing yoga, city, anime style",2.7298642785958274
deepai_1_8_0_1.jpg,"cat, playing yoga, city, realistic style",2.272963913656801
deepai_1_8_1_0.jpg,"cat, playing yoga, wild, anime style",1.0793262818533393
deepai_1_8_1_1.jpg,"cat, playing yoga, wild, realistic style",2.513355404085131
deepai_1_9_0_0.jpg,"cat, using CD, city, anime style",3.758498819243418
deepai_1_9_0_1.jpg,"cat, using CD, city, realistic style",2.9576894136580436
deepai_1_9_1_0.jpg,"cat, using CD, wild, anime style",2.236711514637918
deepai_1_9_1_1.jpg,"cat, using CD, wild, realistic style",3.311779749491203
deepai_10_0_0_0.jpg,"demon, driving aircraft, city, anime style",3.0786193542293656
deepai_10_0_0_1.jpg,"demon, driving aircraft, city, realistic style",5.0
deepai_10_0_1_0.jpg,"demon, driving aircraft, wild, anime style",3.030489542581559
deepai_10_0_1_1.jpg,"demon, driving aircraft, wild, realistic style",2.3650055076680125
deepai_10_1_0_0.jpg,"demon, driving bike, city, anime style",3.317391332254931
deepai_10_1_0_1.jpg,"demon, driving bike, city, realistic style",3.1307069749266323
deepai_10_1_1_0.jpg,"demon, driving bike, wild, anime style",2.8570426113638008
deepai_10_1_1_1.jpg,"demon, driving bike, wild, realistic style",4.7338266076787265
deepai_10_10_0_0.jpg,"demon, using laptop, city, anime style",3.2656668485676437
deepai_10_10_0_1.jpg,"demon, using laptop, city, realistic style",4.012272375175136
deepai_10_10_1_0.jpg,"demon, using laptop, wild, anime style",2.6190404654104644
deepai_10_10_1_1.jpg,"demon, using laptop, wild, realistic style",2.932330746285457
deepai_10_11_0_0.jpg,"demon, using phone, city, anime style",2.6396316013472596
deepai_10_11_0_1.jpg,"demon, using phone, city, realistic style",2.91589539858616
deepai_10_11_1_0.jpg,"demon, using phone, wild, anime style",2.4312882225379044
deepai_10_11_1_1.jpg,"demon, using phone, wild, realistic style",4.011103542377608
deepai_10_12_0_0.jpg,"demon, wearing coat, city, anime style",3.052022801436039
deepai_10_12_0_1.jpg,"demon, wearing coat, city, realistic style",3.0635610686029255
deepai_10_12_1_0.jpg,"demon, wearing coat, wild, anime style",2.6354072238545685
deepai_10_12_1_1.jpg,"demon, wearing coat, wild, realistic style",4.8777034274457725
deepai_10_13_0_0.jpg,"demon, wearing hat, city, anime style",3.2236023090396317
deepai_10_13_0_1.jpg,"demon, wearing hat, city, realistic style",3.2606689790980607
deepai_10_13_1_0.jpg,"demon, wearing hat, wild, anime style",2.279589021192974
deepai_10_13_1_1.jpg,"demon, wearing hat, wild, realistic style",3.839178206584123
deepai_10_14_0_0.jpg,"demon, wearing shirt, city, anime style",2.702524139257621
deepai_10_14_0_1.jpg,"demon, wearing shirt, city, realistic style",3.523037104572054
deepai_10_14_1_0.jpg,"demon, wearing shirt, wild, anime style",2.9787041957267464
deepai_10_14_1_1.jpg,"demon, wearing shirt, wild, realistic style",3.5205753758519758
deepai_10_2_0_0.jpg,"demon, driving car, city, anime style",2.627467751999846
deepai_10_2_0_1.jpg,"demon, driving car, city, realistic style",3.3537951785381392
deepai_10_2_1_0.jpg,"demon, driving car, wild, anime style",2.820043973375797
deepai_10_2_1_1.jpg,"demon, driving car, wild, realistic style",3.246706517633036
deepai_10_3_0_0.jpg,"demon, having hamburger, city, anime style",2.96568412153693
deepai_10_3_0_1.jpg,"demon, having hamburger, city, realistic style",2.2892013134949347
deepai_10_3_1_0.jpg,"demon, having hamburger, wild, anime style",3.017095533901073
deepai_10_3_1_1.jpg,"demon, having hamburger, wild, realistic style",3.9465888101726048
deepai_10_4_0_0.jpg,"demon, having icecream, city, anime style",2.2623370465619703
deepai_10_4_0_1.jpg,"demon, having icecream, city, realistic style",3.030381323664956
deepai_10_4_1_0.jpg,"demon, having icecream, wild, anime style",2.952086174961262
deepai_10_4_1_1.jpg,"demon, having icecream, wild, realistic style",2.597428535320964
deepai_10_5_0_0.jpg,"demon, having pizza, city, anime style",3.0349798346588126
deepai_10_5_0_1.jpg,"demon, having pizza, city, realistic style",2.54259082120544
deepai_10_5_1_0.jpg,"demon, having pizza, wild, anime style",2.647091991187731
deepai_10_5_1_1.jpg,"demon, having pizza, wild, realistic style",2.2749748720856515
deepai_10_6_0_0.jpg,"demon, playing baseball, city, anime style",2.9004719124609823
deepai_10_6_0_1.jpg,"demon, playing baseball, city, realistic style",3.0307056838826893
deepai_10_6_1_0.jpg,"demon, playing baseball, wild, anime style",2.5341181811373863
deepai_10_6_1_1.jpg,"demon, playing baseball, wild, realistic style",2.736808905293115
deepai_10_7_0_0.jpg,"demon, playing football, city, anime style",3.249184644366676
deepai_10_7_0_1.jpg,"demon, playing football, city, realistic style",3.247177642374567
deepai_10_7_1_0.jpg,"demon, playing football, wild, anime style",2.6677099611635158
deepai_10_7_1_1.jpg,"demon, playing football, wild, realistic style",2.853056497003065
deepai_10_8_0_0.jpg,"demon, playing yoga, city, anime style",3.9681880376087517
deepai_10_8_0_1.jpg,"demon, playing yoga, city, realistic style",1.9209323427210665
deepai_10_8_1_0.jpg,"demon, playing yoga, wild, anime style",3.2489577672270515
deepai_10_8_1_1.jpg,"demon, playing yoga, wild, realistic style",2.74374665919574
deepai_10_9_0_0.jpg,"demon, using CD, city, anime style",2.860022791106849
deepai_10_9_0_1.jpg,"demon, using CD, city, realistic style",2.8176076014345175
deepai_10_9_1_0.jpg,"demon, using CD, wild, anime style",4.00022633160542
deepai_10_9_1_1.jpg,"demon, using CD, wild, realistic style",4.631433586799989
deepai_11_0_0_0.jpg,"witch, driving aircraft, city, anime style",3.0638910909957264
deepai_11_0_0_1.jpg,"witch, driving aircraft, city, realistic style",3.978825344433842
deepai_11_0_1_0.jpg,"witch, driving aircraft, wild, anime style",2.3189215360229154
deepai_11_0_1_1.jpg,"witch, driving aircraft, wild, realistic style",3.4049701922485895
deepai_11_1_0_0.jpg,"witch, driving bike, city, anime style",2.840259079582451
deepai_11_1_0_1.jpg,"witch, driving bike, city, realistic style",3.1173529536579867
deepai_11_1_1_0.jpg,"witch, driving bike, wild, anime style",2.9885622741091584
deepai_11_1_1_1.jpg,"witch, driving bike, wild, realistic style",2.7118049991128483
deepai_11_10_0_0.jpg,"witch, using laptop, city, anime style",2.7823650739440304
deepai_11_10_0_1.jpg,"witch, using laptop, city, realistic style",2.9894647057232393
deepai_11_10_1_0.jpg,"witch, using laptop, wild, anime style",2.3745176962183394
deepai_11_10_1_1.jpg,"witch, using laptop, wild, realistic style",3.1421845335372525
deepai_11_11_0_0.jpg,"witch, using phone, city, anime style",3.0557805352103107
deepai_11_11_0_1.jpg,"witch, using phone, city, realistic style",3.418004366073328
deepai_11_11_1_0.jpg,"witch, using phone, wild, anime style",3.331565843499116
deepai_11_11_1_1.jpg,"witch, using phone, wild, realistic style",2.504721562208033
deepai_11_12_0_0.jpg,"witch, wearing coat, city, anime style",2.5098412990858043
deepai_11_12_0_1.jpg,"witch, wearing coat, city, realistic style",2.291632023261146
deepai_11_12_1_0.jpg,"witch, wearing coat, wild, anime style",2.6763420034855376
deepai_11_12_1_1.jpg,"witch, wearing coat, wild, realistic style",2.925775501701658
deepai_11_13_0_0.jpg,"witch, wearing hat, city, anime style",3.132431168778041
deepai_11_13_0_1.jpg,"witch, wearing hat, city, realistic style",3.930151367233837
deepai_11_13_1_0.jpg,"witch, wearing hat, wild, anime style",2.3046778791864506
deepai_11_13_1_1.jpg,"witch, wearing hat, wild, realistic style",2.903225572390995
deepai_11_14_0_0.jpg,"witch, wearing shirt, city, anime style",2.3657547563879615
deepai_11_14_0_1.jpg,"witch, wearing shirt, city, realistic style",2.9255871089508756
deepai_11_14_1_0.jpg,"witch, wearing shirt, wild, anime style",3.243599567782988
deepai_11_14_1_1.jpg,"witch, wearing shirt, wild, realistic style",2.8554666850591888
deepai_11_2_0_0.jpg,"witch, driving car, city, anime style",2.718457465698224
deepai_11_2_0_1.jpg,"witch, driving car, city, realistic style",3.3776089744393674
deepai_11_2_1_0.jpg,"witch, driving car, wild, anime style",2.7951294701403735
deepai_11_2_1_1.jpg,"witch, driving car, wild, realistic style",2.8348534309964015
deepai_11_3_0_0.jpg,"witch, having hamburger, city, anime style",2.8996768464705007
deepai_11_3_0_1.jpg,"witch, having hamburger, city, realistic style",2.760250627477103
deepai_11_3_1_0.jpg,"witch, having hamburger, wild, anime style",2.7046839219941945
deepai_11_3_1_1.jpg,"witch, having hamburger, wild, realistic style",2.3902356375530784
deepai_11_4_0_0.jpg,"witch, having icecream, city, anime style",3.3117239245315573
deepai_11_4_0_1.jpg,"witch, having icecream, city, realistic style",3.0080665506376794
deepai_11_4_1_0.jpg,"witch, having icecream, wild, anime style",3.2665841714674584
deepai_11_4_1_1.jpg,"witch, having icecream, wild, realistic style",2.7832106600456785
deepai_11_5_0_0.jpg,"witch, having pizza, city, anime style",2.5874283321777996
deepai_11_5_0_1.jpg,"witch, having pizza, city, realistic style",2.701516697912102
deepai_11_5_1_0.jpg,"witch, having pizza, wild, anime style",2.5411916414304305
deepai_11_5_1_1.jpg,"witch, having pizza, wild, realistic style",2.8300192032533995
deepai_11_6_0_0.jpg,"witch, playing baseball, city, anime style",3.3882119877783983
deepai_11_6_0_1.jpg,"witch, playing baseball, city, realistic style",3.218236480605641
deepai_11_6_1_0.jpg,"witch, playing baseball, wild, anime style",2.623047552200785
deepai_11_6_1_1.jpg,"witch, playing baseball, wild, realistic style",3.3641863325886576
deepai_11_7_0_0.jpg,"witch, playing football, city, anime style",2.8038145920287345
deepai_11_7_0_1.jpg,"witch, playing football, city, realistic style",2.5815918423702957
deepai_11_7_1_0.jpg,"witch, playing football, wild, anime style",3.2544703919355555
deepai_11_7_1_1.jpg,"witch, playing football, wild, realistic style",2.615957339424737
deepai_11_8_0_0.jpg,"witch, playing yoga, city, anime style",2.295039509040765
deepai_11_8_0_1.jpg,"witch, playing yoga, city, realistic style",2.247585516224938
deepai_11_8_1_0.jpg,"witch, playing yoga, wild, anime style",2.6974527656093503
deepai_11_8_1_1.jpg,"witch, playing yoga, wild, realistic style",2.35793184794063
deepai_11_9_0_0.jpg,"witch, using CD, city, anime style",2.085660383574618
deepai_11_9_0_1.jpg,"witch, using CD, city, realistic style",3.2349403336715454
deepai_11_9_1_0.jpg,"witch, using CD, wild, anime style",2.5717606596690676
deepai_11_9_1_1.jpg,"witch, using CD, wild, realistic style",3.620683704660568
deepai_2_0_0_0.jpg,"dog, driving aircraft, city, anime style",3.1715159307126726
deepai_2_0_0_1.jpg,"dog, driving aircraft, city, realistic style",3.534867006840639
deepai_2_0_1_0.jpg,"dog, driving aircraft, wild, anime style",3.150398035141507
deepai_2_0_1_1.jpg,"dog, driving aircraft, wild, realistic style",4.519808130937719
deepai_2_1_0_0.jpg,"dog, driving bike, city, anime style",3.0778533852009686
deepai_2_1_0_1.jpg,"dog, driving bike, city, realistic style",2.98532295547847
deepai_2_1_1_0.jpg,"dog, driving bike, wild, anime style",3.3400793242720157
deepai_2_1_1_1.jpg,"dog, driving bike, wild, realistic style",2.417517627366351
deepai_2_10_0_0.jpg,"dog, using laptop, city, anime style",2.712378650704436
deepai_2_10_0_1.jpg,"dog, using laptop, city, realistic style",3.5702962339921034
deepai_2_10_1_0.jpg,"dog, using laptop, wild, anime style",3.6167664103162354
deepai_2_10_1_1.jpg,"dog, using laptop, wild, realistic style",3.35709123663983
deepai_2_11_0_0.jpg,"dog, using phone, city, anime style",3.2012423726004897
deepai_2_11_0_1.jpg,"dog, using phone, city, realistic style",3.141792994118258
deepai_2_11_1_0.jpg,"dog, using phone, wild, anime style",2.0391760015741336
deepai_2_11_1_1.jpg,"dog, using phone, wild, realistic style",3.329703586941285
deepai_2_12_0_0.jpg,"dog, wearing coat, city, anime style",3.3311549929896285
deepai_2_12_0_1.jpg,"dog, wearing coat, city, realistic style",2.8548089349473957
deepai_2_12_1_0.jpg,"dog, wearing coat, wild, anime style",3.221897876998213
deepai_2_12_1_1.jpg,"dog, wearing coat, wild, realistic style",3.328766891308784
deepai_2_13_0_0.jpg,"dog, wearing hat, city, anime style",2.2326454254534998
deepai_2_13_0_1.jpg,"dog, wearing hat, city, realistic style",3.0780809124944284
deepai_2_13_1_0.jpg,"dog, wearing hat, wild, anime style",4.313771079854292
deepai_2_13_1_1.jpg,"dog, wearing hat, wild, realistic style",2.7778682663987047
deepai_2_14_0_0.jpg,"dog, wearing shirt, city, anime style",3.9323133072759173
deepai_2_14_0_1.jpg,"dog, wearing shirt, city, realistic style",4.052053274936504
deepai_2_14_1_0.jpg,"dog, wearing shirt, wild, anime style",2.5571625022929743
deepai_2_14_1_1.jpg,"dog, wearing shirt, wild, realistic style",3.1332438396968483
deepai_2_2_0_0.jpg,"dog, driving car, city, anime style",2.6140090791740356
deepai_2_2_0_1.jpg,"dog, driving car, city, realistic style",2.650051945328929
deepai_2_2_1_0.jpg,"dog, driving car, wild, anime style",2.4310396167734307
deepai_2_2_1_1.jpg,"dog, driving car, wild, realistic style",3.2491494662607407
deepai_2_3_0_0.jpg,"dog, having hamburger, city, anime style",3.1743896910941927
deepai_2_3_0_1.jpg,"dog, having hamburger, city, realistic style",2.133697782526752
deepai_2_3_1_0.jpg,"dog, having hamburger, wild, anime style",2.3741160748195163
deepai_2_3_1_1.jpg,"dog, having hamburger, wild, realistic style",2.878035072591181
deepai_2_4_0_0.jpg,"dog, having icecream, city, anime style",2.90306015063537
deepai_2_4_0_1.jpg,"dog, having icecream, city, realistic style",2.8092106836451682
deepai_2_4_1_0.jpg,"dog, having icecream, wild, anime style",2.7943480530653164
deepai_2_4_1_1.jpg,"dog, having icecream, wild, realistic style",2.2089578111476307
deepai_2_5_0_0.jpg,"dog, having pizza, city, anime style",2.4387814663428653
deepai_2_5_0_1.jpg,"dog, having pizza, city, realistic style",2.518289011135215
deepai_2_5_1_0.jpg,"dog, having pizza, wild, anime style",3.0649874401673545
deepai_2_5_1_1.jpg,"dog, having pizza, wild, realistic style",3.3827217451295697
deepai_2_6_0_0.jpg,"dog, playing baseball, city, anime style",2.7144557449747357
deepai_2_6_0_1.jpg,"dog, playing baseball, city, realistic style",2.9599723065969545
deepai_2_6_1_0.jpg,"dog, playing baseball, wild, anime style",2.5244585330863485
deepai_2_6_1_1.jpg,"dog, playing baseball, wild, realistic style",2.702185277255299
deepai_2_7_0_0.jpg,"dog, playing football, city, anime style",3.032213378682538
deepai_2_7_0_1.jpg,"dog, playing football, city, realistic style",5.0
deepai_2_7_1_0.jpg,"dog, playing football, wild, anime style",3.9578847517293654
deepai_2_7_1_1.jpg,"dog, playing football, wild, realistic style",2.6469766388237757
deepai_2_8_0_0.jpg,"dog, playing yoga, city, anime style",2.4559125936946278
deepai_2_8_0_1.jpg,"dog, playing yoga, city, realistic style",2.705511841949165
deepai_2_8_1_0.jpg,"dog, playing yoga, wild, anime style",3.939044940215048
deepai_2_8_1_1.jpg,"dog, playing yoga, wild, realistic style",3.9416982619273826
deepai_2_9_0_0.jpg,"dog, using CD, city, anime style",2.7464958381026396
deepai_2_9_0_1.jpg,"dog, using CD, city, realistic style",2.664948543395123
deepai_2_9_1_0.jpg,"dog, using CD, wild, anime style",2.86717999259351
deepai_2_9_1_1.jpg,"dog, using CD, wild, realistic style",3.1955616120699273
deepai_3_0_0_0.jpg,"batman, driving aircraft, city, anime style",2.919743189587783
deepai_3_0_0_1.jpg,"batman, driving aircraft, city, realistic style",2.8943150800908404
deepai_3_0_1_0.jpg,"batman, driving aircraft, wild, anime style",2.827278635054044
deepai_3_0_1_1.jpg,"batman, driving aircraft, wild, realistic style",4.192577548839857
deepai_3_1_0_0.jpg,"batman, driving bike, city, anime style",3.455476224466176
deepai_3_1_0_1.jpg,"batman, driving bike, city, realistic style",2.513180164283358
deepai_3_1_1_0.jpg,"batman, driving bike, wild, anime style",3.3257967935455643
deepai_3_1_1_1.jpg,"batman, driving bike, wild, realistic style",3.647869060983906
deepai_3_10_0_0.jpg,"batman, using laptop, city, anime style",3.153887369590602
deepai_3_10_0_1.jpg,"batman, using laptop, city, realistic style",3.6856897573174736
deepai_3_10_1_0.jpg,"batman, using laptop, wild, anime style",3.147459159471324
deepai_3_10_1_1.jpg,"batman, using laptop, wild, realistic style",3.4373668139493336
deepai_3_11_0_0.jpg,"batman, using phone, city, anime style",3.1521978900532677
deepai_3_11_0_1.jpg,"batman, using phone, city, realistic style",3.6782272722375295
deepai_3_11_1_0.jpg,"batman, using phone, wild, anime style",2.7283354119320564
deepai_3_11_1_1.jpg,"batman, using phone, wild, realistic style",2.312600598558171
deepai_3_12_0_0.jpg,"batman, wearing coat, city, anime style",3.2400675005287467
deepai_3_12_0_1.jpg,"batman, wearing coat, city, realistic style",3.521792053953248
deepai_3_12_1_0.jpg,"batman, wearing coat, wild, anime style",3.1473522445672217
deepai_3_12_1_1.jpg,"batman, wearing coat, wild, realistic style",4.414038643233229
deepai_3_13_0_0.jpg,"batman, wearing hat, city, anime style",2.8340985518520982
deepai_3_13_0_1.jpg,"batman, wearing hat, city, realistic style",3.6245457009147017
deepai_3_13_1_0.jpg,"batman, wearing hat, wild, anime style",2.7878529154537786
deepai_3_13_1_1.jpg,"batman, wearing hat, wild, realistic style",3.440372617111778
deepai_3_14_0_0.jpg,"batman, wearing shirt, city, anime style",3.4781963848383683
deepai_3_14_0_1.jpg,"batman, wearing shirt, city, realistic style",4.060928389696384
deepai_3_14_1_0.jpg,"batman, wearing shirt, wild, anime style",2.3494490638267127
deepai_3_14_1_1.jpg,"batman, wearing shirt, wild, realistic style",4.351910770338763
deepai_3_2_0_0.jpg,"batman, driving car, city, anime style",3.483868244117217
deepai_3_2_0_1.jpg,"batman, driving car, city, realistic style",3.4304189780668803
deepai_3_2_1_0.jpg,"batman, driving car, wild, anime style",3.4449300883902922
deepai_3_2_1_1.jpg,"batman, driving car, wild, realistic style",3.296101605501498
deepai_3_3_0_0.jpg,"batman, having hamburger, city, anime style",3.2407455079931053
deepai_3_3_0_1.jpg,"batman, having hamburger, city, realistic style",2.7083957455288665
deepai_3_3_1_0.jpg,"batman, having hamburger, wild, anime style",2.4827721801701412
deepai_3_3_1_1.jpg,"batman, having hamburger, wild, realistic style",3.173247492901318
deepai_3_4_0_0.jpg,"batman, having icecream, city, anime style",3.1531033318420185
deepai_3_4_0_1.jpg,"batman, having icecream, city, realistic style",3.179692455079756
deepai_3_4_1_0.jpg,"batman, having icecream, wild, anime style",2.669750992284161
deepai_3_4_1_1.jpg,"batman, having icecream, wild, realistic style",2.958521814636127
deepai_3_5_0_0.jpg,"batman, having pizza, city, anime style",2.9228456878823565
deepai_3_5_0_1.jpg,"batman, having pizza, city, realistic style",3.372352774552071
deepai_3_5_1_0.jpg,"batman, having pizza, wild, anime style",3.660929480335993
deepai_3_5_1_1.jpg,"batman, having pizza, wild, realistic style",2.7205041589939376
deepai_3_6_0_0.jpg,"batman, playing baseball, city, anime style",2.436990901760123
deepai_3_6_0_1.jpg,"batman, playing baseball, city, realistic style",4.754489838164117
deepai_3_6_1_0.jpg,"batman, playing baseball, wild, anime style",2.4106547428732665
deepai_3_6_1_1.jpg,"batman, playing baseball, wild, realistic style",2.6505689190917074
deepai_3_7_0_0.jpg,"batman, playing football, city, anime style",3.4967843201846933
deepai_3_7_0_1.jpg,"batman, playing football, city, realistic style",3.690139862972389
deepai_3_7_1_0.jpg,"batman, playing football, wild, anime style",2.9225624285983187
deepai_3_7_1_1.jpg,"batman, playing football, wild, realistic style",3.3580781689237837
deepai_3_8_0_0.jpg,"batman, playing yoga, city, anime style",3.919411533558691
deepai_3_8_0_1.jpg,"batman, playing yoga, city, realistic style",3.3184416124470264
deepai_3_8_1_0.jpg,"batman, playing yoga, wild, anime style",2.5571374061668664
deepai_3_8_1_1.jpg,"batman, playing yoga, wild, realistic style",2.8586809687821217
deepai_3_9_0_0.jpg,"batman, using CD, city, anime style",3.099126652298644
deepai_3_9_0_1.jpg,"batman, using CD, city, realistic style",3.4484403336267757
deepai_3_9_1_0.jpg,"batman, using CD, wild, anime style",2.4294659533919143
deepai_3_9_1_1.jpg,"batman, using CD, wild, realistic style",3.1368817695516897
deepai_4_0_0_0.jpg,"snoppy, driving aircraft, city, anime style",3.247917211264355
deepai_4_0_0_1.jpg,"snoppy, driving aircraft, city, realistic style",3.6349237949852764
deepai_4_0_1_0.jpg,"snoppy, driving aircraft, wild, anime style",3.1749057503456144
deepai_4_0_1_1.jpg,"snoppy, driving aircraft, wild, realistic style",2.3143855943587535
deepai_4_1_0_0.jpg,"snoppy, driving bike, city, anime style",3.032433383027502
deepai_4_1_0_1.jpg,"snoppy, driving bike, city, realistic style",3.6067613366488147
deepai_4_1_1_0.jpg,"snoppy, driving bike, wild, anime style",2.9030425457070446
deepai_4_1_1_1.jpg,"snoppy, driving bike, wild, realistic style",2.7867812116887616
deepai_4_10_0_0.jpg,"snoppy, using laptop, city, anime style",2.9168619996506737
deepai_4_10_0_1.jpg,"snoppy, using laptop, city, realistic style",2.2139913542657252
deepai_4_10_1_0.jpg,"snoppy, using laptop, wild, anime style",2.5327066560356126
deepai_4_10_1_1.jpg,"snoppy, using laptop, wild, realistic style",1.9139480863623681
deepai_4_11_0_0.jpg,"snoppy, using phone, city, anime style",2.8406726437345307
deepai_4_11_0_1.jpg,"snoppy, using phone, city, realistic style",2.8039145280967444
deepai_4_11_1_0.jpg,"snoppy, using phone, wild, anime style",2.8286610631937332
deepai_4_11_1_1.jpg,"snoppy, using phone, wild, realistic style",1.9409010000449114
deepai_4_12_0_0.jpg,"snoppy, wearing coat, city, anime style",3.3377868448958505
deepai_4_12_0_1.jpg,"snoppy, wearing coat, city, realistic style",2.5743470987122197
deepai_4_12_1_0.jpg,"snoppy, wearing coat, wild, anime style",4.103205410620863
deepai_4_12_1_1.jpg,"snoppy, wearing coat, wild, realistic style",2.371355342660504
deepai_4_13_0_0.jpg,"snoppy, wearing hat, city, anime style",3.3530907265359358
deepai_4_13_0_1.jpg,"snoppy, wearing hat, city, realistic style",2.6813799664083926
deepai_4_13_1_0.jpg,"snoppy, wearing hat, wild, anime style",3.1261969822577425
deepai_4_13_1_1.jpg,"snoppy, wearing hat, wild, realistic style",2.0003658265738027
deepai_4_14_0_0.jpg,"snoppy, wearing shirt, city, anime style",2.571837624741921
deepai_4_14_0_1.jpg,"snoppy, wearing shirt, city, realistic style",2.9270372114105587
deepai_4_14_1_0.jpg,"snoppy, wearing shirt, wild, anime style",2.7982107965710252
deepai_4_14_1_1.jpg,"snoppy, wearing shirt, wild, realistic style",1.665117755668704
deepai_4_2_0_0.jpg,"snoppy, driving car, city, anime style",2.830464317357466
deepai_4_2_0_1.jpg,"snoppy, driving car, city, realistic style",3.0183763198105837
deepai_4_2_1_0.jpg,"snoppy, driving car, wild, anime style",2.4129421490098455
deepai_4_2_1_1.jpg,"snoppy, driving car, wild, realistic style",3.1789999454069684
deepai_4_3_0_0.jpg,"snoppy, having hamburger, city, anime style",2.790856529983844
deepai_4_3_0_1.jpg,"snoppy, having hamburger, city, realistic style",2.4424082096397144
deepai_4_3_1_0.jpg,"snoppy, having hamburger, wild, anime style",2.739741729287086
deepai_4_3_1_1.jpg,"snoppy, having hamburger, wild, realistic style",2.8782294852674615
deepai_4_4_0_0.jpg,"snoppy, having icecream, city, anime style",3.0102820653648323
deepai_4_4_0_1.jpg,"snoppy, having icecream, city, realistic style",2.4169909293741743
deepai_4_4_1_0.jpg,"snoppy, having icecream, wild, anime style",2.890524881853224
deepai_4_4_1_1.jpg,"snoppy, having icecream, wild, realistic style",2.152638679510321
deepai_4_5_0_0.jpg,"snoppy, having pizza, city, anime style",2.6916339423723654
deepai_4_5_0_1.jpg,"snoppy, having pizza, city, realistic style",2.633650069997241
deepai_4_5_1_0.jpg,"snoppy, having pizza, wild, anime style",2.1595991437554125
deepai_4_5_1_1.jpg,"snoppy, having pizza, wild, realistic style",2.584904263030004
deepai_4_6_0_0.jpg,"snoppy, playing baseball, city, anime style",2.927458700660802
deepai_4_6_0_1.jpg,"snoppy, playing baseball, city, realistic style",2.32517680143807
deepai_4_6_1_0.jpg,"snoppy, playing baseball, wild, anime style",3.2181379863422763
deepai_4_6_1_1.jpg,"snoppy, playing baseball, wild, realistic style",2.4532749717379523
deepai_4_7_0_0.jpg,"snoppy, playing football, city, anime style",3.0397515252466745
deepai_4_7_0_1.jpg,"snoppy, playing football, city, realistic style",2.1468655058602453
deepai_4_7_1_0.jpg,"snoppy, playing football, wild, anime style",2.7128678759168667
deepai_4_7_1_1.jpg,"snoppy, playing football, wild, realistic style",2.4856930614108554
deepai_4_8_0_0.jpg,"snoppy, playing yoga, city, anime style",2.304563640344349
deepai_4_8_0_1.jpg,"snoppy, playing yoga, city, realistic style",2.124997707710464
deepai_4_8_1_0.jpg,"snoppy, playing yoga, wild, anime style",2.699969762528146
deepai_4_8_1_1.jpg,"snoppy, playing yoga, wild, realistic style",1.5806964716776903
deepai_4_9_0_0.jpg,"snoppy, using CD, city, anime style",2.944792510888916
deepai_4_9_0_1.jpg,"snoppy, using CD, city, realistic style",3.07134951402134
deepai_4_9_1_0.jpg,"snoppy, using CD, wild, anime style",2.029141473194196
deepai_4_9_1_1.jpg,"snoppy, using CD, wild, realistic style",2.7427699149330462
deepai_5_0_0_0.jpg,"teddy bear, driving aircraft, city, anime style",2.8637052215711987
deepai_5_0_0_1.jpg,"teddy bear, driving aircraft, city, realistic style",2.6715714622989166
deepai_5_0_1_0.jpg,"teddy bear, driving aircraft, wild, anime style",2.376584708508811
deepai_5_0_1_1.jpg,"teddy bear, driving aircraft, wild, realistic style",2.4272653299504947
deepai_5_1_0_0.jpg,"teddy bear, driving bike, city, anime style",2.8214275150373394
deepai_5_1_0_1.jpg,"teddy bear, driving bike, city, realistic style",2.9238000496615357
deepai_5_1_1_0.jpg,"teddy bear, driving bike, wild, anime style",2.096095680484215
deepai_5_1_1_1.jpg,"teddy bear, driving bike, wild, realistic style",2.210641460826271
deepai_5_10_0_0.jpg,"teddy bear, using laptop, city, anime style",3.0850241295616243
deepai_5_10_0_1.jpg,"teddy bear, using laptop, city, realistic style",2.702805598986583
deepai_5_10_1_0.jpg,"teddy bear, using laptop, wild, anime style",2.6609281037976142
deepai_5_10_1_1.jpg,"teddy bear, using laptop, wild, realistic style",2.939346813672673
deepai_5_11_0_0.jpg,"teddy bear, using phone, city, anime style",3.3009815762243164
deepai_5_11_0_1.jpg,"teddy bear, using phone, city, realistic style",2.0755960114048624
deepai_5_11_1_0.jpg,"teddy bear, using phone, wild, anime style",2.7722570413854064
deepai_5_11_1_1.jpg,"teddy bear, using phone, wild, realistic style",3.0075847554046784
deepai_5_12_0_0.jpg,"teddy bear, wearing coat, city, anime style",3.1210874203288657
deepai_5_12_0_1.jpg,"teddy bear, wearing coat, city, realistic style",3.4384464428125145
deepai_5_12_1_0.jpg,"teddy bear, wearing coat, wild, anime style",3.617908219007967
deepai_5_12_1_1.jpg,"teddy bear, wearing coat, wild, realistic style",2.4277656450470193
deepai_5_13_0_0.jpg,"teddy bear, wearing hat, city, anime style",2.808647039742693
deepai_5_13_0_1.jpg,"teddy bear, wearing hat, city, realistic style",3.2935229859389197
deepai_5_13_1_0.jpg,"teddy bear, wearing hat, wild, anime style",3.828755210178215
deepai_5_13_1_1.jpg,"teddy bear, wearing hat, wild, realistic style",2.3840930108592877
deepai_5_14_0_0.jpg,"teddy bear, wearing shirt, city, anime style",1.9586835973541197
deepai_5_14_0_1.jpg,"teddy bear, wearing shirt, city, realistic style",2.4323978628745277
deepai_5_14_1_0.jpg,"teddy bear, wearing shirt, wild, anime style",3.4433290659595723
deepai_5_14_1_1.jpg,"teddy bear, wearing shirt, wild, realistic style",1.4454728048782346
deepai_5_2_0_0.jpg,"teddy bear, driving car, city, anime style",2.839028128598567
deepai_5_2_0_1.jpg,"teddy bear, driving car, city, realistic style",2.5444605077427016
deepai_5_2_1_0.jpg,"teddy bear, driving car, wild, anime style",2.9602459472691836
deepai_5_2_1_1.jpg,"teddy bear, driving car, wild, realistic style",2.1679939345545765
deepai_5_3_0_0.jpg,"teddy bear, having hamburger, city, anime style",3.0669059854766916
deepai_5_3_0_1.jpg,"teddy bear, having hamburger, city, realistic style",2.186953846520402
deepai_5_3_1_0.jpg,"teddy bear, having hamburger, wild, anime style",2.62691085246742
deepai_5_3_1_1.jpg,"teddy bear, having hamburger, wild, realistic style",2.931455705471293
deepai_5_4_0_0.jpg,"teddy bear, having icecream, city, anime style",3.479657515539952
deepai_5_4_0_1.jpg,"teddy bear, having icecream, city, realistic style",3.2421697226758694
deepai_5_4_1_0.jpg,"teddy bear, having icecream, wild, anime style",2.9986984447192735
deepai_5_4_1_1.jpg,"teddy bear, having icecream, wild, realistic style",2.6705270432923864
deepai_5_5_0_0.jpg,"teddy bear, having pizza, city, anime style",2.7762166178153884
deepai_5_5_0_1.jpg,"teddy bear, having pizza, city, realistic style",2.359354758610893
deepai_5_5_1_0.jpg,"teddy bear, having pizza, wild, anime style",2.796797314021924
deepai_5_5_1_1.jpg,"teddy bear, having pizza, wild, realistic style",2.691815559426226
deepai_5_6_0_0.jpg,"teddy bear, playing baseball, city, anime style",2.25121159671943
deepai_5_6_0_1.jpg,"teddy bear, playing baseball, city, realistic style",2.2553757294477146
deepai_5_6_1_0.jpg,"teddy bear, playing baseball, wild, anime style",2.100385637057428
deepai_5_6_1_1.jpg,"teddy bear, playing baseball, wild, realistic style",2.2285790401608465
deepai_5_7_0_0.jpg,"teddy bear, playing football, city, anime style",2.469420483466785
deepai_5_7_0_1.jpg,"teddy bear, playing football, city, realistic style",2.530504233462958
deepai_5_7_1_0.jpg,"teddy bear, playing football, wild, anime style",3.2637903246912674
deepai_5_7_1_1.jpg,"teddy bear, playing football, wild, realistic style",4.042653167922772
deepai_5_8_0_0.jpg,"teddy bear, playing yoga, city, anime style",3.5642428434072144
deepai_5_8_0_1.jpg,"teddy bear, playing yoga, city, realistic style",2.6051339644141542
deepai_5_8_1_0.jpg,"teddy bear, playing yoga, wild, anime style",2.7266301270214743
deepai_5_8_1_1.jpg,"teddy bear, playing yoga, wild, realistic style",1.9426322661253197
deepai_5_9_0_0.jpg,"teddy bear, using CD, city, anime style",2.6522223672300993
deepai_5_9_0_1.jpg,"teddy bear, using CD, city, realistic style",2.743026896939021
deepai_5_9_1_0.jpg,"teddy bear, using CD, wild, anime style",1.9307218322721267
deepai_5_9_1_1.jpg,"teddy bear, using CD, wild, realistic style",3.066778004750098
deepai_6_0_0_0.jpg,"kid, driving aircraft, city, anime style",2.6949406392148116
deepai_6_0_0_1.jpg,"kid, driving aircraft, city, realistic style",4.326972474989733
deepai_6_0_1_0.jpg,"kid, driving aircraft, wild, anime style",2.6174746210856816
deepai_6_0_1_1.jpg,"kid, driving aircraft, wild, realistic style",3.7681219403529407
deepai_6_1_0_0.jpg,"kid, driving bike, city, anime style",2.6737273207733048
deepai_6_1_0_1.jpg,"kid, driving bike, city, realistic style",2.5615708527316863
deepai_6_1_1_0.jpg,"kid, driving bike, wild, anime style",2.7658658089271424
deepai_6_1_1_1.jpg,"kid, driving bike, wild, realistic style",3.3618005867999745
deepai_6_10_0_0.jpg,"kid, using laptop, city, anime style",2.8350884200200053
deepai_6_10_0_1.jpg,"kid, using laptop, city, realistic style",2.9311542844980027
deepai_6_10_1_0.jpg,"kid, using laptop, wild, anime style",2.3530673252644716
deepai_6_10_1_1.jpg,"kid, using laptop, wild, realistic style",2.9951740676733123
deepai_6_11_0_0.jpg,"kid, using phone, city, anime style",2.707922326113526
deepai_6_11_0_1.jpg,"kid, using phone, city, realistic style",3.8882798919703663
deepai_6_11_1_0.jpg,"kid, using phone, wild, anime style",3.328843498631207
deepai_6_11_1_1.jpg,"kid, using phone, wild, realistic style",3.352088947365486
deepai_6_12_0_0.jpg,"kid, wearing coat, city, anime style",2.8035439611073336
deepai_6_12_0_1.jpg,"kid, wearing coat, city, realistic style",3.345186928329724
deepai_6_12_1_0.jpg,"kid, wearing coat, wild, anime style",2.688305220796834
deepai_6_12_1_1.jpg,"kid, wearing coat, wild, realistic style",3.430942170765654
deepai_6_13_0_0.jpg,"kid, wearing hat, city, anime style",3.4377702344793915
deepai_6_13_0_1.jpg,"kid, wearing hat, city, realistic style",3.118111660390578
deepai_6_13_1_0.jpg,"kid, wearing hat, wild, anime style",2.9403292201104363
deepai_6_13_1_1.jpg,"kid, wearing hat, wild, realistic style",3.3524743734660736
deepai_6_14_0_0.jpg,"kid, wearing shirt, city, anime style",2.8634360007037305
deepai_6_14_0_1.jpg,"kid, wearing shirt, city, realistic style",2.848633287029334
deepai_6_14_1_0.jpg,"kid, wearing shirt, wild, anime style",2.0339964090092595
deepai_6_14_1_1.jpg,"kid, wearing shirt, wild, realistic style",2.6725782497857673
deepai_6_2_0_0.jpg,"kid, driving car, city, anime style",2.9564495296717315
deepai_6_2_0_1.jpg,"kid, driving car, city, realistic style",2.202310710629086
deepai_6_2_1_0.jpg,"kid, driving car, wild, anime style",2.6684869266830984
deepai_6_2_1_1.jpg,"kid, driving car, wild, realistic style",3.061975913187648
deepai_6_3_0_0.jpg,"kid, having hamburger, city, anime style",3.278519640228407
deepai_6_3_0_1.jpg,"kid, having hamburger, city, realistic style",3.1373203686115247
deepai_6_3_1_0.jpg,"kid, having hamburger, wild, anime style",2.98772948362993
deepai_6_3_1_1.jpg,"kid, having hamburger, wild, realistic style",2.910139440787106
deepai_6_4_0_0.jpg,"kid, having icecream, city, anime style",2.9100536977469265
deepai_6_4_0_1.jpg,"kid, having icecream, city, realistic style",2.9716596941798015
deepai_6_4_1_0.jpg,"kid, having icecream, wild, anime style",2.657339390465279
deepai_6_4_1_1.jpg,"kid, having icecream, wild, realistic style",3.467604863109257
deepai_6_5_0_0.jpg,"kid, having pizza, city, anime style",3.4710013528215318
deepai_6_5_0_1.jpg,"kid, having pizza, city, realistic style",2.970895029163906
deepai_6_5_1_0.jpg,"kid, having pizza, wild, anime style",2.681324827058128
deepai_6_5_1_1.jpg,"kid, having pizza, wild, realistic style",4.287478073165207
deepai_6_6_0_0.jpg,"kid, playing baseball, city, anime style",3.24862296727906
deepai_6_6_0_1.jpg,"kid, playing baseball, city, realistic style",3.6595850821608185
deepai_6_6_1_0.jpg,"kid, playing baseball, wild, anime style",2.83480018417028
deepai_6_6_1_1.jpg,"kid, playing baseball, wild, realistic style",3.3168129031081524
deepai_6_7_0_0.jpg,"kid, playing football, city, anime style",2.5312561640747853
deepai_6_7_0_1.jpg,"kid, playing football, city, realistic style",3.035827126922629
deepai_6_7_1_0.jpg,"kid, playing football, wild, anime style",2.620956915056489
deepai_6_7_1_1.jpg,"kid, playing football, wild, realistic style",2.103653199357197
deepai_6_8_0_0.jpg,"kid, playing yoga, city, anime style",2.133249397595325
deepai_6_8_0_1.jpg,"kid, playing yoga, city, realistic style",2.6580517231664094
deepai_6_8_1_0.jpg,"kid, playing yoga, wild, anime style",2.9945510322994364
deepai_6_8_1_1.jpg,"kid, playing yoga, wild, realistic style",2.1383547387299378
deepai_6_9_0_0.jpg,"kid, using CD, city, anime style",2.985256986896803
deepai_6_9_0_1.jpg,"kid, using CD, city, realistic style",2.932392400679953
deepai_6_9_1_0.jpg,"kid, using CD, wild, anime style",2.719041260911834
deepai_6_9_1_1.jpg,"kid, using CD, wild, realistic style",3.0800038776085255
deepai_7_0_0_0.jpg,"man, driving aircraft, city, anime style",2.9878697032180175
deepai_7_0_0_1.jpg,"man, driving aircraft, city, realistic style",4.7996387232411415
deepai_7_0_1_0.jpg,"man, driving aircraft, wild, anime style",3.261752471005074
deepai_7_0_1_1.jpg,"man, driving aircraft, wild, realistic style",3.0561182836907785
deepai_7_1_0_0.jpg,"man, driving bike, city, anime style",2.39732546040414
deepai_7_1_0_1.jpg,"man, driving bike, city, realistic style",3.42788974186275
deepai_7_1_1_0.jpg,"man, driving bike, wild, anime style",3.2629218605635284
deepai_7_1_1_1.jpg,"man, driving bike, wild, realistic style",2.847384669474931
deepai_7_10_0_0.jpg,"man, using laptop, city, anime style",2.490568222827769
deepai_7_10_0_1.jpg,"man, using laptop, city, realistic style",3.6514819563548326
deepai_7_10_1_0.jpg,"man, using laptop, wild, anime style",2.6193338678926845
deepai_7_10_1_1.jpg,"man, using laptop, wild, realistic style",2.6811560060505295
deepai_7_11_0_0.jpg,"man, using phone, city, anime style",2.9566369761604423
deepai_7_11_0_1.jpg,"man, using phone, city, realistic style",3.373352039090426
deepai_7_11_1_0.jpg,"man, using phone, wild, anime style",2.1698694822774027
deepai_7_11_1_1.jpg,"man, using phone, wild, realistic style",2.690271739834527
deepai_7_12_0_0.jpg,"man, wearing coat, city, anime style",3.2553573755029763
deepai_7_12_0_1.jpg,"man, wearing coat, city, realistic style",3.010083590210381
deepai_7_12_1_0.jpg,"man, wearing coat, wild, anime style",3.661717474097475
deepai_7_12_1_1.jpg,"man, wearing coat, wild, realistic style",3.1058702896332253
deepai_7_13_0_0.jpg,"man, wearing hat, city, anime style",2.627433488405267
deepai_7_13_0_1.jpg,"man, wearing hat, city, realistic style",4.607223336556273
deepai_7_13_1_0.jpg,"man, wearing hat, wild, anime style",3.1207684261779645
deepai_7_13_1_1.jpg,"man, wearing hat, wild, realistic style",3.185411403467083
deepai_7_14_0_0.jpg,"man, wearing shirt, city, anime style",3.0101425926044785
deepai_7_14_0_1.jpg,"man, wearing shirt, city, realistic style",4.26029501151568
deepai_7_14_1_0.jpg,"man, wearing shirt, wild, anime style",3.5880527440900547
deepai_7_14_1_1.jpg,"man, wearing shirt, wild, realistic style",3.325960058419524
deepai_7_2_0_0.jpg,"man, driving car, city, anime style",3.2485555890673017
deepai_7_2_0_1.jpg,"man, driving car, city, realistic style",2.572057629086884
deepai_7_2_1_0.jpg,"man, driving car, wild, anime style",2.4572562767927835
deepai_7_2_1_1.jpg,"man, driving car, wild, realistic style",3.3488478296035633
deepai_7_3_0_0.jpg,"man, having hamburger, city, anime style",2.618073011476788
deepai_7_3_0_1.jpg,"man, having hamburger, city, realistic style",3.112203730316986
deepai_7_3_1_0.jpg,"man, having hamburger, wild, anime style",2.359499101895504
deepai_7_3_1_1.jpg,"man, having hamburger, wild, realistic style",3.7992165426380593
deepai_7_4_0_0.jpg,"man, having icecream, city, anime style",3.262183640085479
deepai_7_4_0_1.jpg,"man, having icecream, city, realistic style",3.1616143596250157
deepai_7_4_1_0.jpg,"man, having icecream, wild, anime style",2.8713194799151838
deepai_7_4_1_1.jpg,"man, having icecream, wild, realistic style",3.0305187007619967
deepai_7_5_0_0.jpg,"man, having pizza, city, anime style",3.0258713627467797
deepai_7_5_0_1.jpg,"man, having pizza, city, realistic style",4.04436456615176
deepai_7_5_1_0.jpg,"man, having pizza, wild, anime style",2.5239471897479238
deepai_7_5_1_1.jpg,"man, having pizza, wild, realistic style",2.4681996144627303
deepai_7_6_0_0.jpg,"man, playing baseball, city, anime style",3.2472977424022345
deepai_7_6_0_1.jpg,"man, playing baseball, city, realistic style",1.855141862814434
deepai_7_6_1_0.jpg,"man, playing baseball, wild, anime style",3.114000050467705
deepai_7_6_1_1.jpg,"man, playing baseball, wild, realistic style",3.328557915205721
deepai_7_7_0_0.jpg,"man, playing football, city, anime style",2.8817534728122784
deepai_7_7_0_1.jpg,"man, playing football, city, realistic style",3.205538052990965
deepai_7_7_1_0.jpg,"man, playing football, wild, anime style",3.054931382173066
deepai_7_7_1_1.jpg,"man, playing football, wild, realistic style",2.7754014934828386
deepai_7_8_0_0.jpg,"man, playing yoga, city, anime style",1.6415765798869169
deepai_7_8_0_1.jpg,"man, playing yoga, city, realistic style",2.0000551764898473
deepai_7_8_1_0.jpg,"man, playing yoga, wild, anime style",2.143885326117197
deepai_7_8_1_1.jpg,"man, playing yoga, wild, realistic style",2.8004247723957927
deepai_7_9_0_0.jpg,"man, using CD, city, anime style",3.30650558692515
deepai_7_9_0_1.jpg,"man, using CD, city, realistic style",3.1069520436273574
deepai_7_9_1_0.jpg,"man, using CD, wild, anime style",3.119349020801104
deepai_7_9_1_1.jpg,"man, using CD, wild, realistic style",3.8983886717805647
deepai_8_0_0_0.jpg,"woman, driving aircraft, city, anime style",2.9883708711837063
deepai_8_0_0_1.jpg,"woman, driving aircraft, city, realistic style",3.747633299515488
deepai_8_0_1_0.jpg,"woman, driving aircraft, wild, anime style",2.3292625590395697
deepai_8_0_1_1.jpg,"woman, driving aircraft, wild, realistic style",3.986808698071111
deepai_8_1_0_0.jpg,"woman, driving bike, city, anime style",3.0118482670162052
deepai_8_1_0_1.jpg,"woman, driving bike, city, realistic style",3.8742091798380245
deepai_8_1_1_0.jpg,"woman, driving bike, wild, anime style",2.634430540810227
deepai_8_1_1_1.jpg,"woman, driving bike, wild, realistic style",2.9199152814227416
deepai_8_10_0_0.jpg,"woman, using laptop, city, anime style",2.5223581100704613
deepai_8_10_0_1.jpg,"woman, using laptop, city, realistic style",3.314756034439703
deepai_8_10_1_0.jpg,"woman, using laptop, wild, anime style",2.5515148563795904
deepai_8_10_1_1.jpg,"woman, using laptop, wild, realistic style",2.817816219787151
deepai_8_11_0_0.jpg,"woman, using phone, city, anime style",2.344689254773755
deepai_8_11_0_1.jpg,"woman, using phone, city, realistic style",3.0837959366195693
deepai_8_11_1_0.jpg,"woman, using phone, wild, anime style",2.458275956999795
deepai_8_11_1_1.jpg,"woman, using phone, wild, realistic style",2.9776430863032477
deepai_8_12_0_0.jpg,"woman, wearing coat, city, anime style",2.860603933896219
deepai_8_12_0_1.jpg,"woman, wearing coat, city, realistic style",3.2491094788488994
deepai_8_12_1_0.jpg,"woman, wearing coat, wild, anime style",2.9811516575521186
deepai_8_12_1_1.jpg,"woman, wearing coat, wild, realistic style",3.3638291184064357
deepai_8_13_0_0.jpg,"woman, wearing hat, city, anime style",2.3891942899395704
deepai_8_13_0_1.jpg,"woman, wearing hat, city, realistic style",2.5873421379942814
deepai_8_13_1_0.jpg,"woman, wearing hat, wild, anime style",2.9425245092357386
deepai_8_13_1_1.jpg,"woman, wearing hat, wild, realistic style",3.7561460946790066
deepai_8_14_0_0.jpg,"woman, wearing shirt, city, anime style",3.1840137267150723
deepai_8_14_0_1.jpg,"woman, wearing shirt, city, realistic style",3.327116652355558
deepai_8_14_1_0.jpg,"woman, wearing shirt, wild, anime style",2.576886120364101
deepai_8_14_1_1.jpg,"woman, wearing shirt, wild, realistic style",3.2213624132633907
deepai_8_2_0_0.jpg,"woman, driving car, city, anime style",2.7669542773998432
deepai_8_2_0_1.jpg,"woman, driving car, city, realistic style",2.810297384737349
deepai_8_2_1_0.jpg,"woman, driving car, wild, anime style",2.609954932742875
deepai_8_2_1_1.jpg,"woman, driving car, wild, realistic style",2.6559276752966983
deepai_8_3_0_0.jpg,"woman, having hamburger, city, anime style",3.100074238380901
deepai_8_3_0_1.jpg,"woman, having hamburger, city, realistic style",1.9244608434635508
deepai_8_3_1_0.jpg,"woman, having hamburger, wild, anime style",2.8644500187356736
deepai_8_3_1_1.jpg,"woman, having hamburger, wild, realistic style",2.7342045652134015
deepai_8_4_0_0.jpg,"woman, having icecream, city, anime style",3.6523143573329153
deepai_8_4_0_1.jpg,"woman, having icecream, city, realistic style",2.597195796571933
deepai_8_4_1_0.jpg,"woman, having icecream, wild, anime style",3.2228719076183157
deepai_8_4_1_1.jpg,"woman, having icecream, wild, realistic style",2.608129096661288
deepai_8_5_0_0.jpg,"woman, having pizza, city, anime style",3.1219857898886163
deepai_8_5_0_1.jpg,"woman, having pizza, city, realistic style",3.088725123864893
deepai_8_5_1_0.jpg,"woman, having pizza, wild, anime style",2.447115982486144
deepai_8_5_1_1.jpg,"woman, having pizza, wild, realistic style",3.297129629775455
deepai_8_6_0_0.jpg,"woman, playing baseball, city, anime style",2.840670548071218
deepai_8_6_0_1.jpg,"woman, playing baseball, city, realistic style",2.3514024911337494
deepai_8_6_1_0.jpg,"woman, playing baseball, wild, anime style",3.1191661613769366
deepai_8_6_1_1.jpg,"woman, playing baseball, wild, realistic style",2.846522424707029
deepai_8_7_0_0.jpg,"woman, playing football, city, anime style",2.6023934574331515
deepai_8_7_0_1.jpg,"woman, playing football, city, realistic style",3.3825553771118733
deepai_8_7_1_0.jpg,"woman, playing football, wild, anime style",2.591266040775753
deepai_8_7_1_1.jpg,"woman, playing football, wild, realistic style",2.5236031606892673
deepai_8_8_0_0.jpg,"woman, playing yoga, city, anime style",2.3102701826104
deepai_8_8_0_1.jpg,"woman, playing yoga, city, realistic style",2.4087031763396585
deepai_8_8_1_0.jpg,"woman, playing yoga, wild, anime style",2.306771336014769
deepai_8_8_1_1.jpg,"woman, playing yoga, wild, realistic style",3.369019243670635
deepai_8_9_0_0.jpg,"woman, using CD, city, anime style",2.4080731747782127
deepai_8_9_0_1.jpg,"woman, using CD, city, realistic style",2.0925764088523944
deepai_8_9_1_0.jpg,"woman, using CD, wild, anime style",3.354544753257805
deepai_8_9_1_1.jpg,"woman, using CD, wild, realistic style",3.124016645636525
deepai_9_0_0_0.jpg,"alien, driving aircraft, city, anime style",3.362415078672566
deepai_9_0_0_1.jpg,"alien, driving aircraft, city, realistic style",4.074428849489113
deepai_9_0_1_0.jpg,"alien, driving aircraft, wild, anime style",3.001962501725639
deepai_9_0_1_1.jpg,"alien, driving aircraft, wild, realistic style",4.422065847326173
deepai_9_1_0_0.jpg,"alien, driving bike, city, anime style",3.0721723285621696
deepai_9_1_0_1.jpg,"alien, driving bike, city, realistic style",2.87874203922548
deepai_9_1_1_0.jpg,"alien, driving bike, wild, anime style",3.0610045349917856
deepai_9_1_1_1.jpg,"alien, driving bike, wild, realistic style",3.842143990584013
deepai_9_10_0_0.jpg,"alien, using laptop, city, anime style",3.5158617413961406
deepai_9_10_0_1.jpg,"alien, using laptop, city, realistic style",3.829408646526677
deepai_9_10_1_0.jpg,"alien, using laptop, wild, anime style",2.575683320080231
deepai_9_10_1_1.jpg,"alien, using laptop, wild, realistic style",2.9794136153509467
deepai_9_11_0_0.jpg,"alien, using phone, city, anime style",2.8913031957845443
deepai_9_11_0_1.jpg,"alien, using phone, city, realistic style",2.5896175079846953
deepai_9_11_1_0.jpg,"alien, using phone, wild, anime style",2.5972270504156834
deepai_9_11_1_1.jpg,"alien, using phone, wild, realistic style",3.2208186376361763
deepai_9_12_0_0.jpg,"alien, wearing coat, city, anime style",2.940955655160127
deepai_9_12_0_1.jpg,"alien, wearing coat, city, realistic style",3.299845986892422
deepai_9_12_1_0.jpg,"alien, wearing coat, wild, anime style",2.8171400114540273
deepai_9_12_1_1.jpg,"alien, wearing coat, wild, realistic style",1.9382961032042703
deepai_9_13_0_0.jpg,"alien, wearing hat, city, anime style",2.392298883473615
deepai_9_13_0_1.jpg,"alien, wearing hat, city, realistic style",3.304106099251976
deepai_9_13_1_0.jpg,"alien, wearing hat, wild, anime style",2.2624216406247504
deepai_9_13_1_1.jpg,"alien, wearing hat, wild, realistic style",2.6629692283111672
deepai_9_14_0_0.jpg,"alien, wearing shirt, city, anime style",2.7612373925012736
deepai_9_14_0_1.jpg,"alien, wearing shirt, city, realistic style",3.6465895473361822
deepai_9_14_1_0.jpg,"alien, wearing shirt, wild, anime style",2.308940643970244
deepai_9_14_1_1.jpg,"alien, wearing shirt, wild, realistic style",3.847000230411578
deepai_9_2_0_0.jpg,"alien, driving car, city, anime style",2.9034898166927765
deepai_9_2_0_1.jpg,"alien, driving car, city, realistic style",3.066436132573106
deepai_9_2_1_0.jpg,"alien, driving car, wild, anime style",3.127910475726202
deepai_9_2_1_1.jpg,"alien, driving car, wild, realistic style",3.468469235715027
deepai_9_3_0_0.jpg,"alien, having hamburger, city, anime style",3.0314707383997286
deepai_9_3_0_1.jpg,"alien, having hamburger, city, realistic style",3.039853228695206
deepai_9_3_1_0.jpg,"alien, having hamburger, wild, anime style",2.5680512891242975
deepai_9_3_1_1.jpg,"alien, having hamburger, wild, realistic style",2.414117275034084
deepai_9_4_0_0.jpg,"alien, having icecream, city, anime style",2.153327683465864
deepai_9_4_0_1.jpg,"alien, having icecream, city, realistic style",2.465409829740869
deepai_9_4_1_0.jpg,"alien, having icecream, wild, anime style",2.9335155838905718
deepai_9_4_1_1.jpg,"alien, having icecream, wild, realistic style",2.409125055091046
deepai_9_5_0_0.jpg,"alien, having pizza, city, anime style",3.0937565101013225
deepai_9_5_0_1.jpg,"alien, having pizza, city, realistic style",2.3372205503339747
deepai_9_5_1_0.jpg,"alien, having pizza, wild, anime style",2.8240804177808925
deepai_9_5_1_1.jpg,"alien, having pizza, wild, realistic style",2.8668830231756943
deepai_9_6_0_0.jpg,"alien, playing baseball, city, anime style",3.187209133247893
deepai_9_6_0_1.jpg,"alien, playing baseball, city, realistic style",3.1210420668501935
deepai_9_6_1_0.jpg,"alien, playing baseball, wild, anime style",2.7459300055677853
deepai_9_6_1_1.jpg,"alien, playing baseball, wild, realistic style",3.134373148874395
deepai_9_7_0_0.jpg,"alien, playing football, city, anime style",2.593813840818802
deepai_9_7_0_1.jpg,"alien, playing football, city, realistic style",3.321081687817445
deepai_9_7_1_0.jpg,"alien, playing football, wild, anime style",2.431844269201167
deepai_9_7_1_1.jpg,"alien, playing football, wild, realistic style",2.581406163262106
deepai_9_8_0_0.jpg,"alien, playing yoga, city, anime style",2.6311850032435435
deepai_9_8_0_1.jpg,"alien, playing yoga, city, realistic style",2.6213639025221434
deepai_9_8_1_0.jpg,"alien, playing yoga, wild, anime style",2.6449185595357316
deepai_9_8_1_1.jpg,"alien, playing yoga, wild, realistic style",2.2049528812389765
deepai_9_9_0_0.jpg,"alien, using CD, city, anime style",3.227773050205056
deepai_9_9_0_1.jpg,"alien, using CD, city, realistic style",2.852939438900782
deepai_9_9_1_0.jpg,"alien, using CD, wild, anime style",1.9236336091179616
deepai_9_9_1_1.jpg,"alien, using CD, wild, realistic style",3.3500052764087602
dreamStudio_0_0_0_0.jpg,"bird, having pizza, city, anime style",2.1342476098301777
dreamStudio_0_0_0_1.jpg,"bird, having pizza, city, realistic style",3.116442702987173
dreamStudio_0_0_1_0.jpg,"bird, having pizza, wild, anime style",1.9294634288461319
dreamStudio_0_0_1_1.jpg,"bird, having pizza, wild, realistic style",2.3128865714848006
dreamStudio_0_1_0_0.jpg,"bird, playing baseball, city, anime style",2.1137625359283225
dreamStudio_0_1_0_1.jpg,"bird, playing baseball, city, realistic style",1.9124544295552477
dreamStudio_0_1_1_0.jpg,"bird, playing baseball, wild, anime style",1.5149363927456443
dreamStudio_0_1_1_1.jpg,"bird, playing baseball, wild, realistic style",1.806856415282595
dreamStudio_0_2_0_0.jpg,"bird, playing football, city, anime style",1.3983363961593775
dreamStudio_0_2_0_1.jpg,"bird, playing football, city, realistic style",1.9684211563162406
dreamStudio_0_2_1_0.jpg,"bird, playing football, wild, anime style",1.6691116890861728
dreamStudio_0_2_1_1.jpg,"bird, playing football, wild, realistic style",1.6088162289597192
dreamStudio_0_3_0_0.jpg,"bird, playing yoga, city, anime style",2.048431269760679
dreamStudio_0_3_0_1.jpg,"bird, playing yoga, city, realistic style",0.9663606481863166
dreamStudio_0_3_1_0.jpg,"bird, playing yoga, wild, anime style",0.24437445495150908
dreamStudio_0_3_1_1.jpg,"bird, playing yoga, wild, realistic style",2.35358429902725
dreamStudio_0_4_0_0.jpg,"bird, using CD, city, anime style",0.38272199134379775
dreamStudio_0_4_0_1.jpg,"bird, using CD, city, realistic style",2.330297948369773
dreamStudio_0_4_1_0.jpg,"bird, using CD, wild, anime style",1.6921076470122591
dreamStudio_0_4_1_1.jpg,"bird, using CD, wild, realistic style",1.4549080899979019
dreamStudio_0_5_0_0.jpg,"bird, using laptop, city, anime style",1.1021340460391404
dreamStudio_0_5_0_1.jpg,"bird, using laptop, city, realistic style",1.426088795637163
dreamStudio_0_5_1_0.jpg,"bird, using laptop, wild, anime style",1.1633585728081681
dreamStudio_0_5_1_1.jpg,"bird, using laptop, wild, realistic style",1.679159866381535
dreamStudio_0_6_0_0.jpg,"bird, using phone, city, anime style",0.895384556213153
dreamStudio_0_6_0_1.jpg,"bird, using phone, city, realistic style",0.49510091629643965
dreamStudio_0_6_1_0.jpg,"bird, using phone, wild, anime style",1.3728229457719208
dreamStudio_0_6_1_1.jpg,"bird, using phone, wild, realistic style",2.111719241884582
dreamStudio_0_7_0_0.jpg,"bird, wearing coat, city, anime style",1.5750448697514068
dreamStudio_0_7_0_1.jpg,"bird, wearing coat, city, realistic style",1.2790566945412813
dreamStudio_0_7_1_0.jpg,"bird, wearing coat, wild, anime style",2.0795965215087566
dreamStudio_0_7_1_1.jpg,"bird, wearing coat, wild, realistic style",2.062763773204901
dreamStudio_0_8_0_0.jpg,"bird, wearing hat, city, anime style",1.3900393527958441
dreamStudio_0_8_0_1.jpg,"bird, wearing hat, city, realistic style",1.5383526293023806
dreamStudio_0_8_1_0.jpg,"bird, wearing hat, wild, anime style",1.7933629216774372
dreamStudio_0_8_1_1.jpg,"bird, wearing hat, wild, realistic style",3.0561382131843926
dreamStudio_0_9_0_0.jpg,"bird, wearing shirt, city, anime style",1.7444522497155013
dreamStudio_0_9_0_1.jpg,"bird, wearing shirt, city, realistic style",1.7435714850840756
dreamStudio_0_9_1_0.jpg,"bird, wearing shirt, wild, anime style",2.2177494457904268
dreamStudio_0_9_1_1.jpg,"bird, wearing shirt, wild, realistic style",1.9019250137878105
dreamStudio_1_0_0_0.jpg,"cat, having pizza, city, anime style",2.042303733786959
dreamStudio_1_0_0_1.jpg,"cat, having pizza, city, realistic style",2.4113187123448956
dreamStudio_1_0_1_0.jpg,"cat, having pizza, wild, anime style",2.2856424122017036
dreamStudio_1_0_1_1.jpg,"cat, having pizza, wild, realistic style",1.516176276731957
dreamStudio_1_1_0_0.jpg,"cat, playing baseball, city, anime style",1.9720182458900772
dreamStudio_1_1_0_1.jpg,"cat, playing baseball, city, realistic style",2.1752290917753987
dreamStudio_1_1_1_0.jpg,"cat, playing baseball, wild, anime style",1.0704634059549518
dreamStudio_1_1_1_1.jpg,"cat, playing baseball, wild, realistic style",1.948792108246292
dreamStudio_1_2_0_0.jpg,"cat, playing football, city, anime style",1.6006537430092052
dreamStudio_1_2_0_1.jpg,"cat, playing football, city, realistic style",1.3715906907755355
dreamStudio_1_2_1_0.jpg,"cat, playing football, wild, anime style",1.162164505668548
dreamStudio_1_2_1_1.jpg,"cat, playing football, wild, realistic style",1.893555782906615
dreamStudio_1_3_0_0.jpg,"cat, playing yoga, city, anime style",1.8954734749229474
dreamStudio_1_3_0_1.jpg,"cat, playing yoga, city, realistic style",2.044701979089826
dreamStudio_1_3_1_0.jpg,"cat, playing yoga, wild, anime style",1.1390567623141024
dreamStudio_1_3_1_1.jpg,"cat, playing yoga, wild, realistic style",1.5902545708914575
dreamStudio_1_4_0_0.jpg,"cat, using CD, city, anime style",1.1440568947067815
dreamStudio_1_4_0_1.jpg,"cat, using CD, city, realistic style",1.8576963329368168
dreamStudio_1_4_1_0.jpg,"cat, using CD, wild, anime style",1.5481763824480197
dreamStudio_1_4_1_1.jpg,"cat, using CD, wild, realistic style",2.0732806540026076
dreamStudio_1_5_0_0.jpg,"cat, using laptop, city, anime style",1.1158548062850675
dreamStudio_1_5_0_1.jpg,"cat, using laptop, city, realistic style",0.7627666391235025
dreamStudio_1_5_1_0.jpg,"cat, using laptop, wild, anime style",1.287783602972718
dreamStudio_1_5_1_1.jpg,"cat, using laptop, wild, realistic style",3.4125308142653084
dreamStudio_1_6_0_0.jpg,"cat, using phone, city, anime style",1.2385205261344656
dreamStudio_1_6_0_1.jpg,"cat, using phone, city, realistic style",1.429493567774191
dreamStudio_1_6_1_0.jpg,"cat, using phone, wild, anime style",1.5727667861184003
dreamStudio_1_6_1_1.jpg,"cat, using phone, wild, realistic style",1.8307420092003417
dreamStudio_1_7_0_0.jpg,"cat, wearing coat, city, anime style",1.2693288598085584
dreamStudio_1_7_0_1.jpg,"cat, wearing coat, city, realistic style",1.863484755199214
dreamStudio_1_7_1_0.jpg,"cat, wearing coat, wild, anime style",1.9748991397189501
dreamStudio_1_7_1_1.jpg,"cat, wearing coat, wild, realistic style",2.1042938400832396
dreamStudio_1_8_0_0.jpg,"cat, wearing hat, city, anime style",2.00775527126692
dreamStudio_1_8_0_1.jpg,"cat, wearing hat, city, realistic style",2.123137965784728
dreamStudio_1_8_1_0.jpg,"cat, wearing hat, wild, anime style",3.1625633557612045
dreamStudio_1_8_1_1.jpg,"cat, wearing hat, wild, realistic style",1.6796354426785414
dreamStudio_1_9_0_0.jpg,"cat, wearing shirt, city, anime style",1.37302629145063
dreamStudio_1_9_0_1.jpg,"cat, wearing shirt, city, realistic style",1.9689715408044348
dreamStudio_1_9_1_0.jpg,"cat, wearing shirt, wild, anime style",1.8309334121257934
dreamStudio_1_9_1_1.jpg,"cat, wearing shirt, wild, realistic style",2.287012044295131
dreamStudio_2_0_0_0.jpg,"dog, having pizza, city, anime style",2.3609540136610914
dreamStudio_2_0_0_1.jpg,"dog, having pizza, city, realistic style",1.480003166927374
dreamStudio_2_0_1_0.jpg,"dog, having pizza, wild, anime style",0.6483237116312175
dreamStudio_2_0_1_1.jpg,"dog, having pizza, wild, realistic style",1.5114382929777463
dreamStudio_2_1_0_0.jpg,"dog, playing baseball, city, anime style",1.2709552744736223
dreamStudio_2_1_0_1.jpg,"dog, playing baseball, city, realistic style",1.8566245231303689
dreamStudio_2_1_1_0.jpg,"dog, playing baseball, wild, anime style",1.6984800639226045
dreamStudio_2_1_1_1.jpg,"dog, playing baseball, wild, realistic style",1.8064608138092704
dreamStudio_2_2_0_0.jpg,"dog, playing football, city, anime style",1.5607982027402727
dreamStudio_2_2_0_1.jpg,"dog, playing football, city, realistic style",0.0
dreamStudio_2_2_1_0.jpg,"dog, playing football, wild, anime style",1.67218784846049
dreamStudio_2_2_1_1.jpg,"dog, playing football, wild, realistic style",1.6197561991284068
dreamStudio_2_3_0_0.jpg,"dog, playing yoga, city, anime style",1.501376572808389
dreamStudio_2_3_0_1.jpg,"dog, playing yoga, city, realistic style",1.1927651355013653
dreamStudio_2_3_1_0.jpg,"dog, playing yoga, wild, anime style",1.3318305733769447
dreamStudio_2_3_1_1.jpg,"dog, playing yoga, wild, realistic style",1.932730695037664
dreamStudio_2_4_0_0.jpg,"dog, using CD, city, anime style",1.9714246648048759
dreamStudio_2_4_0_1.jpg,"dog, using CD, city, realistic style",1.5367059572847517
dreamStudio_2_4_1_0.jpg,"dog, using CD, wild, anime style",0.7087625687802109
dreamStudio_2_4_1_1.jpg,"dog, using CD, wild, realistic style",1.5082737825382464
dreamStudio_2_5_0_0.jpg,"dog, using laptop, city, anime style",1.4698040696609753
dreamStudio_2_5_0_1.jpg,"dog, using laptop, city, realistic style",2.095401867222767
dreamStudio_2_5_1_0.jpg,"dog, using laptop, wild, anime style",0.0
dreamStudio_2_5_1_1.jpg,"dog, using laptop, wild, realistic style",2.3333977325979136
dreamStudio_2_6_0_0.jpg,"dog, using phone, city, anime style",0.6212989995083149
dreamStudio_2_6_0_1.jpg,"dog, using phone, city, realistic style",1.861856045860341
dreamStudio_2_6_1_0.jpg,"dog, using phone, wild, anime style",0.4939116906372789
dreamStudio_2_6_1_1.jpg,"dog, using phone, wild, realistic style",2.193231197886995
dreamStudio_2_7_0_0.jpg,"dog, wearing coat, city, anime style",2.530612156271325
dreamStudio_2_7_0_1.jpg,"dog, wearing coat, city, realistic style",2.7236504106464454
dreamStudio_2_7_1_0.jpg,"dog, wearing coat, wild, anime style",1.8072246259560019
dreamStudio_2_7_1_1.jpg,"dog, wearing coat, wild, realistic style",1.8005307619048536
dreamStudio_2_8_0_0.jpg,"dog, wearing hat, city, anime style",1.5311689832778734
dreamStudio_2_8_0_1.jpg,"dog, wearing hat, city, realistic style",2.79114606942223
dreamStudio_2_8_1_0.jpg,"dog, wearing hat, wild, anime style",1.7649038512497477
dreamStudio_2_8_1_1.jpg,"dog, wearing hat, wild, realistic style",2.0842609076913727
dreamStudio_2_9_0_0.jpg,"dog, wearing shirt, city, anime style",1.9746865649295764
dreamStudio_2_9_0_1.jpg,"dog, wearing shirt, city, realistic style",2.14080927278431
dreamStudio_2_9_1_0.jpg,"dog, wearing shirt, wild, anime style",1.405972679236448
dreamStudio_2_9_1_1.jpg,"dog, wearing shirt, wild, realistic style",2.4228851175632737
dreamStudio_3_0_0_0.jpg,"batman, having pizza, city, anime style",3.271610191637056
dreamStudio_3_0_0_1.jpg,"batman, having pizza, city, realistic style",2.200678730462853
dreamStudio_3_0_1_0.jpg,"batman, having pizza, wild, anime style",1.7234285346443705
dreamStudio_3_0_1_1.jpg,"batman, having pizza, wild, realistic style",2.4314584535994346
dreamStudio_3_1_0_0.jpg,"batman, playing baseball, city, anime style",1.4512889756909797
dreamStudio_3_1_0_1.jpg,"batman, playing baseball, city, realistic style",1.7394649129452426
dreamStudio_3_1_1_0.jpg,"batman, playing baseball, wild, anime style",0.0
dreamStudio_3_1_1_1.jpg,"batman, playing baseball, wild, realistic style",2.112409266392913
dreamStudio_3_2_0_0.jpg,"batman, playing football, city, anime style",2.0494229053091066
dreamStudio_3_2_0_1.jpg,"batman, playing football, city, realistic style",1.281986247707892
dreamStudio_3_2_1_0.jpg,"batman, playing football, wild, anime style",2.0101526020584295
dreamStudio_3_2_1_1.jpg,"batman, playing football, wild, realistic style",2.226629537115995
dreamStudio_3_3_0_0.jpg,"batman, playing yoga, city, anime style",2.164345471576569
dreamStudio_3_3_0_1.jpg,"batman, playing yoga, city, realistic style",2.074998863384064
dreamStudio_3_3_1_0.jpg,"batman, playing yoga, wild, anime style",2.395625152059245
dreamStudio_3_3_1_1.jpg,"batman, playing yoga, wild, realistic style",1.3342977970123078
dreamStudio_3_4_0_0.jpg,"batman, using CD, city, anime style",1.4539295461801314
dreamStudio_3_4_0_1.jpg,"batman, using CD, city, realistic style",3.3225181413617024
dreamStudio_3_4_1_0.jpg,"batman, using CD, wild, anime style",2.0884148967976355
dreamStudio_3_4_1_1.jpg,"batman, using CD, wild, realistic style",1.36831956154017
dreamStudio_3_5_0_0.jpg,"batman, using laptop, city, anime style",2.03315975591004
dreamStudio_3_5_0_1.jpg,"batman, using laptop, city, realistic style",3.2586273912164883
dreamStudio_3_5_1_0.jpg,"batman, using laptop, wild, anime style",1.7184715988486992
dreamStudio_3_5_1_1.jpg,"batman, using laptop, wild, realistic style",0.0
dreamStudio_3_6_0_0.jpg,"batman, using phone, city, anime style",1.6756127401579377
dreamStudio_3_6_0_1.jpg,"batman, using phone, city, realistic style",1.2366872604972896
dreamStudio_3_6_1_0.jpg,"batman, using phone, wild, anime style",1.838285879157899
dreamStudio_3_6_1_1.jpg,"batman, using phone, wild, realistic style",1.8640905751459094
dreamStudio_3_7_0_0.jpg,"batman, wearing coat, city, anime style",2.314842651216077
dreamStudio_3_7_0_1.jpg,"batman, wearing coat, city, realistic style",1.4182268460400616
dreamStudio_3_7_1_0.jpg,"batman, wearing coat, wild, anime style",1.9503297084781535
dreamStudio_3_7_1_1.jpg,"batman, wearing coat, wild, realistic style",2.294439709019568
dreamStudio_3_8_0_0.jpg,"batman, wearing hat, city, anime style",2.3240835236594646
dreamStudio_3_8_0_1.jpg,"batman, wearing hat, city, realistic style",1.4697050798550366
dreamStudio_3_8_1_0.jpg,"batman, wearing hat, wild, anime style",1.3456918142874905
dreamStudio_3_8_1_1.jpg,"batman, wearing hat, wild, realistic style",1.8836778366727822
dreamStudio_3_9_0_0.jpg,"batman, wearing shirt, city, anime style",2.3897595657134976
dreamStudio_3_9_0_1.jpg,"batman, wearing shirt, city, realistic style",2.9170309883418963
dreamStudio_3_9_1_0.jpg,"batman, wearing shirt, wild, anime style",2.024806224784504
dreamStudio_3_9_1_1.jpg,"batman, wearing shirt, wild, realistic style",2.011996011317628
dreamStudio_4_0_0_0.jpg,"snoppy, having pizza, city, anime style",2.434500738880317
dreamStudio_4_0_0_1.jpg,"snoppy, having pizza, city, realistic style",2.80743887296815
dreamStudio_4_0_1_0.jpg,"snoppy, having pizza, wild, anime style",2.3300845207112357
dreamStudio_4_0_1_1.jpg,"snoppy, having pizza, wild, realistic style",1.9711598637421675
dreamStudio_4_1_0_0.jpg,"snoppy, playing baseball, city, anime style",1.7287925635232855
dreamStudio_4_1_0_1.jpg,"snoppy, playing baseball, city, realistic style",2.161891790815201
dreamStudio_4_1_1_0.jpg,"snoppy, playing baseball, wild, anime style",1.7444703180118457
dreamStudio_4_1_1_1.jpg,"snoppy, playing baseball, wild, realistic style",1.3696882791222396
dreamStudio_4_2_0_0.jpg,"snoppy, playing football, city, anime style",2.1338614369018565
dreamStudio_4_2_0_1.jpg,"snoppy, playing football, city, realistic style",1.637542659057607
dreamStudio_4_2_1_0.jpg,"snoppy, playing football, wild, anime style",0.008490800310405026
dreamStudio_4_2_1_1.jpg,"snoppy, playing football, wild, realistic style",1.1271981652330987
dreamStudio_4_3_0_0.jpg,"snoppy, playing yoga, city, anime style",1.3802859880366325
dreamStudio_4_3_0_1.jpg,"snoppy, playing yoga, city, realistic style",1.4388633354555282
dreamStudio_4_3_1_0.jpg,"snoppy, playing yoga, wild, anime style",1.2439394953531482
dreamStudio_4_3_1_1.jpg,"snoppy, playing yoga, wild, realistic style",1.5362671587905785
dreamStudio_4_4_0_0.jpg,"snoppy, using CD, city, anime style",1.874006741411062
dreamStudio_4_4_0_1.jpg,"snoppy, using CD, city, realistic style",0.21206599382530025
dreamStudio_4_4_1_0.jpg,"snoppy, using CD, wild, anime style",0.35714296187581807
dreamStudio_4_4_1_1.jpg,"snoppy, using CD, wild, realistic style",0.22556108755119617
dreamStudio_4_5_0_0.jpg,"snoppy, using laptop, city, anime style",1.009097082284122
dreamStudio_4_5_0_1.jpg,"snoppy, using laptop, city, realistic style",0.5429391250171022
dreamStudio_4_5_1_0.jpg,"snoppy, using laptop, wild, anime style",1.3755384178451684
dreamStudio_4_5_1_1.jpg,"snoppy, using laptop, wild, realistic style",0.6058618644677124
dreamStudio_4_6_0_0.jpg,"snoppy, using phone, city, anime style",0.47669459800397473
dreamStudio_4_6_0_1.jpg,"snoppy, using phone, city, realistic style",0.9674980370732872
dreamStudio_4_6_1_0.jpg,"snoppy, using phone, wild, anime style",1.0047727687234218
dreamStudio_4_6_1_1.jpg,"snoppy, using phone, wild, realistic style",0.7748473040382261
dreamStudio_4_7_0_0.jpg,"snoppy, wearing coat, city, anime style",0.34900285840881967
dreamStudio_4_7_0_1.jpg,"snoppy, wearing coat, city, realistic style",1.2662631397406592
dreamStudio_4_7_1_0.jpg,"snoppy, wearing coat, wild, anime style",2.3723293732806066
dreamStudio_4_7_1_1.jpg,"snoppy, wearing coat, wild, realistic style",1.7432286666450125
dreamStudio_4_8_0_0.jpg,"snoppy, wearing hat, city, anime style",2.1157789216423564
dreamStudio_4_8_0_1.jpg,"snoppy, wearing hat, city, realistic style",0.6603543071542716
dreamStudio_4_8_1_0.jpg,"snoppy, wearing hat, wild, anime style",2.0890911051307586
dreamStudio_4_8_1_1.jpg,"snoppy, wearing hat, wild, realistic style",2.0067236483066515
dreamStudio_4_9_0_0.jpg,"snoppy, wearing shirt, city, anime style",0.0
dreamStudio_4_9_0_1.jpg,"snoppy, wearing shirt, city, realistic style",2.3337466321808273
dreamStudio_4_9_1_0.jpg,"snoppy, wearing shirt, wild, anime style",0.4379193722076035
dreamStudio_4_9_1_1.jpg,"snoppy, wearing shirt, wild, realistic style",0.9848180437747157
dreamStudio_5_0_0_0.jpg,"teddy bear, having pizza, city, anime style",1.8728222928832507
dreamStudio_5_0_0_1.jpg,"teddy bear, having pizza, city, realistic style",1.9527991950366115
dreamStudio_5_0_1_0.jpg,"teddy bear, having pizza, wild, anime style",2.317690134319535
dreamStudio_5_0_1_1.jpg,"teddy bear, having pizza, wild, realistic style",1.871349418862749
dreamStudio_5_1_0_0.jpg,"teddy bear, playing baseball, city, anime style",2.124192109020657
dreamStudio_5_1_0_1.jpg,"teddy bear, playing baseball, city, realistic style",2.123548458543786
dreamStudio_5_1_1_0.jpg,"teddy bear, playing baseball, wild, anime style",1.2503975492622437
dreamStudio_5_1_1_1.jpg,"teddy bear, playing baseball, wild, realistic style",2.379808221342409
dreamStudio_5_2_0_0.jpg,"teddy bear, playing football, city, anime style",1.9678865776251364
dreamStudio_5_2_0_1.jpg,"teddy bear, playing football, city, realistic style",0.6796589950064874
dreamStudio_5_2_1_0.jpg,"teddy bear, playing football, wild, anime style",1.6575202493838808
dreamStudio_5_2_1_1.jpg,"teddy bear, playing football, wild, realistic style",2.1223064176758086
dreamStudio_5_3_0_0.jpg,"teddy bear, playing yoga, city, anime style",0.6662017318107673
dreamStudio_5_3_0_1.jpg,"teddy bear, playing yoga, city, realistic style",2.042997904798838
dreamStudio_5_3_1_0.jpg,"teddy bear, playing yoga, wild, anime style",2.1938951057164306
dreamStudio_5_3_1_1.jpg,"teddy bear, playing yoga, wild, realistic style",1.3281917906529401
dreamStudio_5_4_0_0.jpg,"teddy bear, using CD, city, anime style",1.8046561495916058
dreamStudio_5_4_0_1.jpg,"teddy bear, using CD, city, realistic style",1.7407227596103108
dreamStudio_5_4_1_0.jpg,"teddy bear, using CD, wild, anime style",1.8751629458459518
dreamStudio_5_4_1_1.jpg,"teddy bear, using CD, wild, realistic style",1.9091143219873858
dreamStudio_5_5_0_0.jpg,"teddy bear, using laptop, city, anime style",1.29589366321556
dreamStudio_5_5_0_1.jpg,"teddy bear, using laptop, city, realistic style",1.361637579023926
dreamStudio_5_5_1_0.jpg,"teddy bear, using laptop, wild, anime style",1.6545504477288977
dreamStudio_5_5_1_1.jpg,"teddy bear, using laptop, wild, realistic style",1.578947800103294
dreamStudio_5_6_0_0.jpg,"teddy bear, using phone, city, anime style",1.626873413203227
dreamStudio_5_6_0_1.jpg,"teddy bear, using phone, city, realistic style",1.6443954615708634
dreamStudio_5_6_1_0.jpg,"teddy bear, using phone, wild, anime style",1.6987057304426356
dreamStudio_5_6_1_1.jpg,"teddy bear, using phone, wild, realistic style",1.6604823604067434
dreamStudio_5_7_0_0.jpg,"teddy bear, wearing coat, city, anime style",2.552294770431649
dreamStudio_5_7_0_1.jpg,"teddy bear, wearing coat, city, realistic style",2.463288885438736
dreamStudio_5_7_1_0.jpg,"teddy bear, wearing coat, wild, anime style",1.7030040628335092
dreamStudio_5_7_1_1.jpg,"teddy bear, wearing coat, wild, realistic style",1.410930667335621
dreamStudio_5_8_0_0.jpg,"teddy bear, wearing hat, city, anime style",2.2340142046777633
dreamStudio_5_8_0_1.jpg,"teddy bear, wearing hat, city, realistic style",1.992758144916243
dreamStudio_5_8_1_0.jpg,"teddy bear, wearing hat, wild, anime style",1.724126767710579
dreamStudio_5_8_1_1.jpg,"teddy bear, wearing hat, wild, realistic style",1.956786520016941
dreamStudio_5_9_0_0.jpg,"teddy bear, wearing shirt, city, anime style",2.0357360513311695
dreamStudio_5_9_0_1.jpg,"teddy bear, wearing shirt, city, realistic style",2.044533348149034
dreamStudio_5_9_1_0.jpg,"teddy bear, wearing shirt, wild, anime style",1.6391410612386423
dreamStudio_5_9_1_1.jpg,"teddy bear, wearing shirt, wild, realistic style",0.4082476805927479
dreamStudio_6_0_0_0.jpg,"man, having pizza, city, anime style",2.682676000930225
dreamStudio_6_0_0_1.jpg,"man, having pizza, city, realistic style",2.764259977190518
dreamStudio_6_0_1_0.jpg,"man, having pizza, wild, anime style",0.6892008989220204
dreamStudio_6_0_1_1.jpg,"man, having pizza, wild, realistic style",1.6963994027167077
dreamStudio_6_1_0_0.jpg,"man, playing baseball, city, anime style",1.997680755475142
dreamStudio_6_1_0_1.jpg,"man, playing baseball, city, realistic style",1.5023687655415847
dreamStudio_6_1_1_0.jpg,"man, playing baseball, wild, anime style",2.038736549645135
dreamStudio_6_1_1_1.jpg,"man, playing baseball, wild, realistic style",1.9037484935533948
dreamStudio_6_2_0_0.jpg,"man, playing football, city, anime style",2.7065505983567864
dreamStudio_6_2_0_1.jpg,"man, playing football, city, realistic style",1.6093064004342217
dreamStudio_6_2_1_0.jpg,"man, playing football, wild, anime style",0.3404259554370622
dreamStudio_6_2_1_1.jpg,"man, playing football, wild, realistic style",1.1941237711036061
dreamStudio_6_3_0_0.jpg,"man, playing yoga, city, anime style",1.470180656152043
dreamStudio_6_3_0_1.jpg,"man, playing yoga, city, realistic style",1.6791572139572957
dreamStudio_6_3_1_0.jpg,"man, playing yoga, wild, anime style",2.410097843340841
dreamStudio_6_3_1_1.jpg,"man, playing yoga, wild, realistic style",0.022965290723235107
dreamStudio_6_4_0_0.jpg,"man, using CD, city, anime style",2.3376337567356242
dreamStudio_6_4_0_1.jpg,"man, using CD, city, realistic style",0.0
dreamStudio_6_4_1_0.jpg,"man, using CD, wild, anime style",1.6302245490129885
dreamStudio_6_4_1_1.jpg,"man, using CD, wild, realistic style",0.32822598172164175
dreamStudio_6_5_0_0.jpg,"man, using laptop, city, anime style",2.002489484942369
dreamStudio_6_5_0_1.jpg,"man, using laptop, city, realistic style",1.261751936452175
dreamStudio_6_5_1_0.jpg,"man, using laptop, wild, anime style",2.0129468065850507
dreamStudio_6_5_1_1.jpg,"man, using laptop, wild, realistic style",1.4321909393765384
dreamStudio_6_6_0_0.jpg,"man, using phone, city, anime style",0.3910982622794382
dreamStudio_6_6_0_1.jpg,"man, using phone, city, realistic style",1.2489566759132253
dreamStudio_6_6_1_0.jpg,"man, using phone, wild, anime style",0.12702786164569135
dreamStudio_6_6_1_1.jpg,"man, using phone, wild, realistic style",1.4905061381569653
dreamStudio_6_7_0_0.jpg,"man, wearing coat, city, anime style",0.8208627480703239
dreamStudio_6_7_0_1.jpg,"man, wearing coat, city, realistic style",2.143723081796024
dreamStudio_6_7_1_0.jpg,"man, wearing coat, wild, anime style",1.8391287516169548
dreamStudio_6_7_1_1.jpg,"man, wearing coat, wild, realistic style",1.8107170019066385
dreamStudio_6_8_0_0.jpg,"man, wearing hat, city, anime style",2.23632785591785
dreamStudio_6_8_0_1.jpg,"man, wearing hat, city, realistic style",2.86553960115407
dreamStudio_6_8_1_0.jpg,"man, wearing hat, wild, anime style",1.4798851621391789
dreamStudio_6_8_1_1.jpg,"man, wearing hat, wild, realistic style",3.069217090333969
dreamStudio_6_9_0_0.jpg,"man, wearing shirt, city, anime style",0.0
dreamStudio_6_9_0_1.jpg,"man, wearing shirt, city, realistic style",1.9651109541803913
dreamStudio_6_9_1_0.jpg,"man, wearing shirt, wild, anime style",2.804391315013344
dreamStudio_6_9_1_1.jpg,"man, wearing shirt, wild, realistic style",1.803817233145449
dreamStudio_7_0_0_0.jpg,"woman, having pizza, city, anime style",0.10673935730178113
dreamStudio_7_0_0_1.jpg,"woman, having pizza, city, realistic style",2.2936069185403407
dreamStudio_7_0_1_0.jpg,"woman, having pizza, wild, anime style",0.30682001798437525
dreamStudio_7_0_1_1.jpg,"woman, having pizza, wild, realistic style",1.1597808555431774
dreamStudio_7_1_0_0.jpg,"woman, playing baseball, city, anime style",2.052147216991875
dreamStudio_7_1_0_1.jpg,"woman, playing baseball, city, realistic style",2.4819913198560117
dreamStudio_7_1_1_0.jpg,"woman, playing baseball, wild, anime style",2.2776501573127197
dreamStudio_7_1_1_1.jpg,"woman, playing baseball, wild, realistic style",1.025307258582121
dreamStudio_7_2_0_0.jpg,"woman, playing football, city, anime style",2.0657159082893646
dreamStudio_7_2_0_1.jpg,"woman, playing football, city, realistic style",1.8175292280725714
dreamStudio_7_2_1_0.jpg,"woman, playing football, wild, anime style",2.6938736387142694
dreamStudio_7_2_1_1.jpg,"woman, playing football, wild, realistic style",2.023062658200408
dreamStudio_7_3_0_0.jpg,"woman, playing yoga, city, anime style",1.5728543899320089
dreamStudio_7_3_0_1.jpg,"woman, playing yoga, city, realistic style",2.113094146651932
dreamStudio_7_3_1_0.jpg,"woman, playing yoga, wild, anime style",2.164131686167601
dreamStudio_7_3_1_1.jpg,"woman, playing yoga, wild, realistic style",2.0665808671237005
dreamStudio_7_4_0_0.jpg,"woman, using CD, city, anime style",1.8210563187611244
dreamStudio_7_4_0_1.jpg,"woman, using CD, city, realistic style",0.7778861900671352
dreamStudio_7_4_1_0.jpg,"woman, using CD, wild, anime style",0.9962534580918302
dreamStudio_7_4_1_1.jpg,"woman, using CD, wild, realistic style",1.2171330201946877
dreamStudio_7_5_0_0.jpg,"woman, using laptop, city, anime style",1.5478824844232257
dreamStudio_7_5_0_1.jpg,"woman, using laptop, city, realistic style",0.39252882474665163
dreamStudio_7_5_1_0.jpg,"woman, using laptop, wild, anime style",1.4221384483178456
dreamStudio_7_5_1_1.jpg,"woman, using laptop, wild, realistic style",2.033295166192222
dreamStudio_7_6_0_0.jpg,"woman, using phone, city, anime style",2.6585485773687676
dreamStudio_7_6_0_1.jpg,"woman, using phone, city, realistic style",2.1005999792273227
dreamStudio_7_6_1_0.jpg,"woman, using phone, wild, anime style",0.6540998950321218
dreamStudio_7_6_1_1.jpg,"woman, using phone, wild, realistic style",1.1905689318647057
dreamStudio_7_7_0_0.jpg,"woman, wearing coat, city, anime style",1.631006787206495
dreamStudio_7_7_0_1.jpg,"woman, wearing coat, city, realistic style",2.091326548927684
dreamStudio_7_7_1_0.jpg,"woman, wearing coat, wild, anime style",2.0868258171201726
dreamStudio_7_7_1_1.jpg,"woman, wearing coat, wild, realistic style",1.9690115282162757
dreamStudio_7_8_0_0.jpg,"woman, wearing hat, city, anime style",2.2445155757866164
dreamStudio_7_8_0_1.jpg,"woman, wearing hat, city, realistic style",2.1946426165234976
dreamStudio_7_8_1_0.jpg,"woman, wearing hat, wild, anime style",2.3139007889510825
dreamStudio_7_8_1_1.jpg,"woman, wearing hat, wild, realistic style",2.511615823405414
dreamStudio_7_9_0_0.jpg,"woman, wearing shirt, city, anime style",2.4616884197689433
dreamStudio_7_9_0_1.jpg,"woman, wearing shirt, city, realistic style",0.06534735312986477
dreamStudio_7_9_1_0.jpg,"woman, wearing shirt, wild, anime style",0.5230552518228433
dreamStudio_7_9_1_1.jpg,"woman, wearing shirt, wild, realistic style",2.1513196735694904
dreamStudio_8_0_0_0.jpg,"alien, having pizza, city, anime style",1.9582942148167903
dreamStudio_8_0_0_1.jpg,"alien, having pizza, city, realistic style",2.1671465806485664
dreamStudio_8_0_1_0.jpg,"alien, having pizza, wild, anime style",2.0666855191047073
dreamStudio_8_0_1_1.jpg,"alien, having pizza, wild, realistic style",2.290224560637543
dreamStudio_8_1_0_0.jpg,"alien, playing baseball, city, anime style",2.000183652759016
dreamStudio_8_1_0_1.jpg,"alien, playing baseball, city, realistic style",1.3653366681545298
dreamStudio_8_1_1_0.jpg,"alien, playing baseball, wild, anime style",0.9118339419051783
dreamStudio_8_1_1_1.jpg,"alien, playing baseball, wild, realistic style",0.6920654301928758
dreamStudio_8_2_0_0.jpg,"alien, playing football, city, anime style",1.6851138037924662
dreamStudio_8_2_0_1.jpg,"alien, playing football, city, realistic style",1.5588021355971555
dreamStudio_8_2_1_0.jpg,"alien, playing football, wild, anime style",1.2457617644991386
dreamStudio_8_2_1_1.jpg,"alien, playing football, wild, realistic style",0.6008160824881243
dreamStudio_8_3_0_0.jpg,"alien, playing yoga, city, anime style",0.04752709297410485
dreamStudio_8_3_0_1.jpg,"alien, playing yoga, city, realistic style",0.6161256263032774
dreamStudio_8_3_1_0.jpg,"alien, playing yoga, wild, anime style",1.7149436552909818
dreamStudio_8_3_1_1.jpg,"alien, playing yoga, wild, realistic style",1.4573714632379542
dreamStudio_8_4_0_0.jpg,"alien, using CD, city, anime style",1.6519876951817627
dreamStudio_8_4_0_1.jpg,"alien, using CD, city, realistic style",1.9933084677622437
dreamStudio_8_4_1_0.jpg,"alien, using CD, wild, anime style",1.0145586913388853
dreamStudio_8_4_1_1.jpg,"alien, using CD, wild, realistic style",1.7201972027540398
dreamStudio_8_5_0_1.jpg,"alien, using laptop, city, realistic style",1.7948514114282228
dreamStudio_8_5_1_0.jpg,"alien, using laptop, wild, anime style",0.47977952312093725
dreamStudio_8_5_1_1.jpg,"alien, using laptop, wild, realistic style",1.0079940186339242
dreamStudio_8_6_0_0.jpg,"alien, using phone, city, anime style",1.519423971180305
dreamStudio_8_6_0_1.jpg,"alien, using phone, city, realistic style",0.9631859623740802
dreamStudio_8_6_1_0.jpg,"alien, using phone, wild, anime style",1.6804163029926713
dreamStudio_8_6_1_1.jpg,"alien, using phone, wild, realistic style",0.5480513389463769
dreamStudio_8_7_0_0.jpg,"alien, wearing coat, city, anime style",1.7830605820601215
dreamStudio_8_7_0_1.jpg,"alien, wearing coat, city, realistic style",2.25351471483635
dreamStudio_8_7_1_0.jpg,"alien, wearing coat, wild, anime style",0.22996197668360532
dreamStudio_8_7_1_1.jpg,"alien, wearing coat, wild, realistic style",2.208382453393875
dreamStudio_8_8_0_0.jpg,"alien, wearing hat, city, anime style",1.9143067101746802
dreamStudio_8_8_0_1.jpg,"alien, wearing hat, city, realistic style",1.0239161585165357
dreamStudio_8_8_1_0.jpg,"alien, wearing hat, wild, anime style",2.32073327246958
dreamStudio_8_8_1_1.jpg,"alien, wearing hat, wild, realistic style",1.7484202019631438
dreamStudio_8_9_0_0.jpg,"alien, wearing shirt, city, anime style",1.4402272437316934
dreamStudio_8_9_0_1.jpg,"alien, wearing shirt, city, realistic style",0.016814677712928286
dreamStudio_8_9_1_0.jpg,"alien, wearing shirt, wild, anime style",0.6081769257617308
dreamStudio_8_9_1_1.jpg,"alien, wearing shirt, wild, realistic style",0.4414155439958131
dreamStudio_8_9_1_1.jpg,"alien, wearing shirt, wild, realistic style",2.084115711537598
