model,image_name
Controlnet,000-1.png
Controlnet,000-2.png
Controlnet,000-3.png
Controlnet,000-4.png
Controlnet,001-1.png
Controlnet,001-2.png
Controlnet,001-3.png
Controlnet,001-4.png
Controlnet,002-1.png
Controlnet,002-2.png
Controlnet,002-3.png
Controlnet,002-4.png
Controlnet,003-1.png
Controlnet,003-2.png
Controlnet,003-3.png
Controlnet,003-4.png
Controlnet,004-1.png
Controlnet,004-2.png
Controlnet,004-3.png
Controlnet,004-4.png
Controlnet,005-1.png
Controlnet,005-2.png
Controlnet,005-3.png
Controlnet,005-4.png
Controlnet,006-1.png
Controlnet,006-2.png
Controlnet,006-3.png
Controlnet,006-4.png
Controlnet,007-1.png
Controlnet,007-2.png
Controlnet,007-3.png
Controlnet,007-4.png
Controlnet,008-1.png
Controlnet,008-2.png
Controlnet,008-3.png
Controlnet,008-4.png
Controlnet,009-1.png
Controlnet,009-2.png
Controlnet,009-3.png
Controlnet,009-4.png
Controlnet,010-1.png
Controlnet,010-2.png
Controlnet,010-3.png
Controlnet,010-4.png
Controlnet,011-1.png
Controlnet,011-2.png
Controlnet,011-3.png
Controlnet,011-4.png
Controlnet,012-1.png
Controlnet,012-2.png
Controlnet,012-3.png
Controlnet,012-4.png
Controlnet,013-1.png
Controlnet,013-2.png
Controlnet,013-3.png
Controlnet,013-4.png
Controlnet,014-1.png
Controlnet,014-2.png
Controlnet,014-3.png
Controlnet,014-4.png
Controlnet,015-1.png
Controlnet,015-2.png
Controlnet,015-3.png
Controlnet,015-4.png
Controlnet,016-1.png
Controlnet,016-2.png
Controlnet,016-3.png
Controlnet,016-4.png
Controlnet,017-1.png
Controlnet,017-2.png
Controlnet,017-3.png
Controlnet,017-4.png
Controlnet,018-1.png
Controlnet,018-2.png
Controlnet,018-3.png
Controlnet,018-4.png
Controlnet,019-1.png
Controlnet,019-2.png
Controlnet,019-3.png
Controlnet,019-4.png
Controlnet,020-1.png
Controlnet,020-2.png
Controlnet,020-3.png
Controlnet,020-4.png
Controlnet,021-1.png
Controlnet,021-2.png
Controlnet,021-3.png
Controlnet,021-4.png
Controlnet,022-1.png
Controlnet,022-2.png
Controlnet,022-3.png
Controlnet,022-4.png
Controlnet,023-1.png
Controlnet,023-2.png
Controlnet,023-3.png
Controlnet,023-4.png
Controlnet,024-1.png
Controlnet,024-2.png
Controlnet,024-3.png
Controlnet,024-4.png
Controlnet,025-1.png
Controlnet,025-2.png
Controlnet,025-3.png
Controlnet,025-4.png
Controlnet,026-1.png
Controlnet,026-2.png
Controlnet,026-3.png
Controlnet,026-4.png
Controlnet,027-1.png
Controlnet,027-2.png
Controlnet,027-3.png
Controlnet,027-4.png
Controlnet,028-1.png
Controlnet,028-2.png
Controlnet,028-3.png
Controlnet,028-4.png
Controlnet,029-1.png
Controlnet,029-2.png
Controlnet,029-3.png
Controlnet,029-4.png
Controlnet,030-1.png
Controlnet,030-2.png
Controlnet,030-3.png
Controlnet,030-4.png
Controlnet,031-1.png
Controlnet,031-2.png
Controlnet,031-3.png
Controlnet,031-4.png
Controlnet,032-1.png
Controlnet,032-2.png
Controlnet,032-3.png
Controlnet,032-4.png
Controlnet,033-1.png
Controlnet,033-2.png
Controlnet,033-3.png
Controlnet,033-4.png
Controlnet,034-1.png
Controlnet,034-2.png
Controlnet,034-3.png
Controlnet,034-4.png
Controlnet,035-1.png
Controlnet,035-2.png
Controlnet,035-3.png
Controlnet,035-4.png
Controlnet,036-1.png
Controlnet,036-2.png
Controlnet,036-3.png
Controlnet,036-4.png
Controlnet,037-1.png
Controlnet,037-2.png
Controlnet,037-3.png
Controlnet,037-4.png
Controlnet,038-1.png
Controlnet,038-2.png
Controlnet,038-3.png
Controlnet,038-4.png
Controlnet,039-1.png
Controlnet,039-2.png
Controlnet,039-3.png
Controlnet,039-4.png
Controlnet,040-1.png
Controlnet,040-2.png
Controlnet,040-3.png
Controlnet,040-4.png
Controlnet,041-1.png
Controlnet,041-2.png
Controlnet,041-3.png
Controlnet,041-4.png
Controlnet,042-1.png
Controlnet,042-2.png
Controlnet,042-3.png
Controlnet,042-4.png
Controlnet,043-1.png
Controlnet,043-2.png
Controlnet,043-3.png
Controlnet,043-4.png
Controlnet,044-1.png
Controlnet,044-2.png
Controlnet,044-3.png
Controlnet,044-4.png
Controlnet,045-1.png
Controlnet,045-2.png
Controlnet,045-3.png
Controlnet,045-4.png
Controlnet,046-1.png
Controlnet,046-2.png
Controlnet,046-3.png
Controlnet,046-4.png
Controlnet,047-1.png
Controlnet,047-2.png
Controlnet,047-3.png
Controlnet,047-4.png
Controlnet,048-1.png
Controlnet,048-2.png
Controlnet,048-3.png
Controlnet,048-4.png
Controlnet,049-1.png
Controlnet,049-2.png
Controlnet,049-3.png
Controlnet,049-4.png
Controlnet,050-1.png
Controlnet,050-2.png
Controlnet,050-3.png
Controlnet,050-4.png
Controlnet,051-1.png
Controlnet,051-2.png
Controlnet,051-3.png
Controlnet,051-4.png
Controlnet,052-1.png
Controlnet,052-2.png
Controlnet,052-3.png
Controlnet,052-4.png
Controlnet,053-1.png
Controlnet,053-2.png
Controlnet,053-3.png
Controlnet,053-4.png
Controlnet,054-1.png
Controlnet,054-2.png
Controlnet,054-3.png
Controlnet,054-4.png
Controlnet,055-1.png
Controlnet,055-2.png
Controlnet,055-3.png
Controlnet,055-4.png
Controlnet,056-1.png
Controlnet,056-2.png
Controlnet,056-3.png
Controlnet,056-4.png
Controlnet,057-1.png
Controlnet,057-2.png
Controlnet,057-3.png
Controlnet,057-4.png
Controlnet,058-1.png
Controlnet,058-2.png
Controlnet,058-3.png
Controlnet,058-4.png
Controlnet,059-1.png
Controlnet,059-2.png
Controlnet,059-3.png
Controlnet,059-4.png
Controlnet,060-1.png
Controlnet,060-2.png
Controlnet,060-3.png
Controlnet,060-4.png
Controlnet,061-1.png
Controlnet,061-2.png
Controlnet,061-3.png
Controlnet,061-4.png
Controlnet,062-1.png
Controlnet,062-2.png
Controlnet,062-3.png
Controlnet,062-4.png
Controlnet,063-1.png
Controlnet,063-2.png
Controlnet,063-3.png
Controlnet,063-4.png
Controlnet,064-1.png
Controlnet,064-2.png
Controlnet,064-3.png
Controlnet,064-4.png
Controlnet,065-1.png
Controlnet,065-2.png
Controlnet,065-3.png
Controlnet,065-4.png
Controlnet,066-1.png
Controlnet,066-2.png
Controlnet,066-3.png
Controlnet,066-4.png
Controlnet,067-1.png
Controlnet,067-2.png
Controlnet,067-3.png
Controlnet,067-4.png
Controlnet,068-1.png
Controlnet,068-2.png
Controlnet,068-3.png
Controlnet,068-4.png
Controlnet,069-1.png
Controlnet,069-2.png
Controlnet,069-3.png
Controlnet,069-4.png
Controlnet,070-1.png
Controlnet,070-2.png
Controlnet,070-3.png
Controlnet,070-4.png
Controlnet,071-1.png
Controlnet,071-2.png
Controlnet,071-3.png
Controlnet,071-4.png
Controlnet,072-1.png
Controlnet,072-2.png
Controlnet,072-3.png
Controlnet,072-4.png
Controlnet,073-1.png
Controlnet,073-2.png
Controlnet,073-3.png
Controlnet,073-4.png
Controlnet,074-1.png
Controlnet,074-2.png
Controlnet,074-3.png
Controlnet,074-4.png
Controlnet,075-1.png
Controlnet,075-2.png
Controlnet,075-3.png
Controlnet,075-4.png
Controlnet,076-1.png
Controlnet,076-2.png
Controlnet,076-3.png
Controlnet,076-4.png
Controlnet,077-1.png
Controlnet,077-2.png
Controlnet,077-3.png
Controlnet,077-4.png
Controlnet,078-1.png
Controlnet,078-2.png
Controlnet,078-3.png
Controlnet,078-4.png
Controlnet,079-1.png
Controlnet,079-2.png
Controlnet,079-3.png
Controlnet,079-4.png
Controlnet,080-1.png
Controlnet,080-2.png
Controlnet,080-3.png
Controlnet,080-4.png
Controlnet,081-1.png
Controlnet,081-2.png
Controlnet,081-3.png
Controlnet,081-4.png
Controlnet,082-1.png
Controlnet,082-2.png
Controlnet,082-3.png
Controlnet,082-4.png
Controlnet,083-1.png
Controlnet,083-2.png
Controlnet,083-3.png
Controlnet,083-4.png
Controlnet,084-1.png
Controlnet,084-2.png
Controlnet,084-3.png
Controlnet,084-4.png
Controlnet,085-1.png
Controlnet,085-2.png
Controlnet,085-3.png
Controlnet,085-4.png
Controlnet,086-1.png
Controlnet,086-2.png
Controlnet,086-3.png
Controlnet,086-4.png
Controlnet,087-1.png
Controlnet,087-2.png
Controlnet,087-3.png
Controlnet,087-4.png
Controlnet,088-1.png
Controlnet,088-2.png
Controlnet,088-3.png
Controlnet,088-4.png
Controlnet,089-1.png
Controlnet,089-2.png
Controlnet,089-3.png
Controlnet,089-4.png
Controlnet,090-1.png
Controlnet,090-2.png
Controlnet,090-3.png
Controlnet,090-4.png
Controlnet,091-1.png
Controlnet,091-2.png
Controlnet,091-3.png
Controlnet,091-4.png
Controlnet,092-1.png
Controlnet,092-2.png
Controlnet,092-3.png
Controlnet,092-4.png
Controlnet,093-1.png
Controlnet,093-2.png
Controlnet,093-3.png
Controlnet,093-4.png
Controlnet,094-1.png
Controlnet,094-2.png
Controlnet,094-3.png
Controlnet,094-4.png
Controlnet,095-1.png
Controlnet,095-2.png
Controlnet,095-3.png
Controlnet,095-4.png
Controlnet,096-1.png
Controlnet,096-2.png
Controlnet,096-3.png
Controlnet,096-4.png
Controlnet,097-1.png
Controlnet,097-2.png
Controlnet,097-3.png
Controlnet,097-4.png
Controlnet,098-1.png
Controlnet,098-2.png
Controlnet,098-3.png
Controlnet,098-4.png
Controlnet,099-1.png
Controlnet,099-2.png
Controlnet,099-3.png
Controlnet,099-4.png
DALLE,000-1.png
DALLE,000-2.png
DALLE,000-3.png
DALLE,000-4.png
DALLE,001-1.png
DALLE,001-2.png
DALLE,001-3.png
DALLE,001-4.png
DALLE,002-1.png
DALLE,002-2.png
DALLE,002-3.png
DALLE,002-4.png
DALLE,003-1.png
DALLE,003-2.png
DALLE,003-3.png
DALLE,003-4.png
DALLE,004-1.png
DALLE,004-2.png
DALLE,004-3.png
DALLE,004-4.png
DALLE,005-1.png
DALLE,005-2.png
DALLE,005-3.png
DALLE,005-4.png
DALLE,006-1.png
DALLE,006-2.png
DALLE,006-3.png
DALLE,006-4.png
DALLE,007-1.png
DALLE,007-2.png
DALLE,007-3.png
DALLE,007-4.png
DALLE,008-1.png
DALLE,008-2.png
DALLE,008-3.png
DALLE,008-4.png
DALLE,009-1.png
DALLE,009-2.png
DALLE,009-3.png
DALLE,009-4.png
DALLE,010-1.png
DALLE,010-2.png
DALLE,010-3.png
DALLE,010-4.png
DALLE,011-1.png
DALLE,011-2.png
DALLE,011-3.png
DALLE,011-4.png
DALLE,012-1.png
DALLE,012-2.png
DALLE,012-3.png
DALLE,012-4.png
DALLE,013-1.png
DALLE,013-2.png
DALLE,013-3.png
DALLE,013-4.png
DALLE,014-1.png
DALLE,014-2.png
DALLE,014-3.png
DALLE,014-4.png
DALLE,015-1.png
DALLE,015-2.png
DALLE,015-3.png
DALLE,015-4.png
DALLE,016-1.png
DALLE,016-2.png
DALLE,016-3.png
DALLE,016-4.png
DALLE,017-1.png
DALLE,017-2.png
DALLE,017-3.png
DALLE,017-4.png
DALLE,018-1.png
DALLE,018-2.png
DALLE,018-3.png
DALLE,018-4.png
DALLE,019-1.png
DALLE,019-2.png
DALLE,019-3.png
DALLE,019-4.png
DALLE,020-1.png
DALLE,020-2.png
DALLE,020-3.png
DALLE,020-4.png
DALLE,021-1.png
DALLE,021-2.png
DALLE,021-3.png
DALLE,021-4.png
DALLE,022-1.png
DALLE,022-2.png
DALLE,022-3.png
DALLE,022-4.png
DALLE,023-1.png
DALLE,023-2.png
DALLE,023-3.png
DALLE,023-4.png
DALLE,024-1.png
DALLE,024-2.png
DALLE,024-3.png
DALLE,024-4.png
DALLE,025-1.png
DALLE,025-2.png
DALLE,025-3.png
DALLE,025-4.png
DALLE,026-1.png
DALLE,026-2.png
DALLE,026-3.png
DALLE,026-4.png
DALLE,027-1.png
DALLE,027-2.png
DALLE,027-3.png
DALLE,027-4.png
DALLE,028-1.png
DALLE,028-2.png
DALLE,028-3.png
DALLE,028-4.png
DALLE,029-1.png
DALLE,029-2.png
DALLE,029-3.png
DALLE,029-4.png
DALLE,030-1.png
DALLE,030-2.png
DALLE,030-3.png
DALLE,030-4.png
DALLE,031-1.png
DALLE,031-2.png
DALLE,031-3.png
DALLE,031-4.png
DALLE,032-1.png
DALLE,032-2.png
DALLE,032-3.png
DALLE,032-4.png
DALLE,033-1.png
DALLE,033-2.png
DALLE,033-3.png
DALLE,033-4.png
DALLE,034-1.png
DALLE,034-2.png
DALLE,034-3.png
DALLE,034-4.png
DALLE,035-1.png
DALLE,035-2.png
DALLE,035-3.png
DALLE,035-4.png
DALLE,036-1.png
DALLE,036-2.png
DALLE,036-3.png
DALLE,036-4.png
DALLE,037-1.png
DALLE,037-2.png
DALLE,037-3.png
DALLE,037-4.png
DALLE,038-1.png
DALLE,038-2.png
DALLE,038-3.png
DALLE,038-4.png
DALLE,039-1.png
DALLE,039-2.png
DALLE,039-3.png
DALLE,039-4.png
DALLE,040-1.png
DALLE,040-2.png
DALLE,040-3.png
DALLE,040-4.png
DALLE,041-1.png
DALLE,041-2.png
DALLE,041-3.png
DALLE,041-4.png
DALLE,042-1.png
DALLE,042-2.png
DALLE,042-3.png
DALLE,042-4.png
DALLE,043-1.png
DALLE,043-2.png
DALLE,043-3.png
DALLE,043-4.png
DALLE,044-1.png
DALLE,044-2.png
DALLE,044-3.png
DALLE,044-4.png
DALLE,045-1.png
DALLE,045-2.png
DALLE,045-3.png
DALLE,045-4.png
DALLE,046-1.png
DALLE,046-2.png
DALLE,046-3.png
DALLE,046-4.png
DALLE,047-1.png
DALLE,047-2.png
DALLE,047-3.png
DALLE,047-4.png
DALLE,048-1.png
DALLE,048-2.png
DALLE,048-3.png
DALLE,048-4.png
DALLE,049-1.png
DALLE,049-2.png
DALLE,049-3.png
DALLE,049-4.png
DALLE,050-1.png
DALLE,050-2.png
DALLE,050-3.png
DALLE,050-4.png
DALLE,051-1.png
DALLE,051-2.png
DALLE,051-3.png
DALLE,051-4.png
DALLE,052-1.png
DALLE,052-2.png
DALLE,052-3.png
DALLE,052-4.png
DALLE,053-1.png
DALLE,053-2.png
DALLE,053-3.png
DALLE,053-4.png
DALLE,054-1.png
DALLE,054-2.png
DALLE,054-3.png
DALLE,054-4.png
DALLE,055-1.png
DALLE,055-2.png
DALLE,055-3.png
DALLE,055-4.png
DALLE,056-1.png
DALLE,056-2.png
DALLE,056-3.png
DALLE,056-4.png
DALLE,057-1.png
DALLE,057-2.png
DALLE,057-3.png
DALLE,057-4.png
DALLE,058-1.png
DALLE,058-2.png
DALLE,058-3.png
DALLE,058-4.png
DALLE,059-1.png
DALLE,059-2.png
DALLE,059-3.png
DALLE,059-4.png
DALLE,060-1.png
DALLE,060-2.png
DALLE,060-3.png
DALLE,060-4.png
DALLE,061-1.png
DALLE,061-2.png
DALLE,061-3.png
DALLE,061-4.png
DALLE,062-1.png
DALLE,062-2.png
DALLE,062-3.png
DALLE,062-4.png
DALLE,063-1.png
DALLE,063-2.png
DALLE,063-3.png
DALLE,063-4.png
DALLE,064-1.png
DALLE,064-2.png
DALLE,064-3.png
DALLE,064-4.png
DALLE,065-1.png
DALLE,065-2.png
DALLE,065-3.png
DALLE,065-4.png
DALLE,066-1.png
DALLE,066-2.png
DALLE,066-3.png
DALLE,066-4.png
DALLE,067-1.png
DALLE,067-2.png
DALLE,067-3.png
DALLE,067-4.png
DALLE,068-1.png
DALLE,068-2.png
DALLE,068-3.png
DALLE,068-4.png
DALLE,069-1.png
DALLE,069-2.png
DALLE,069-3.png
DALLE,069-4.png
DALLE,070-1.png
DALLE,070-2.png
DALLE,070-3.png
DALLE,070-4.png
DALLE,071-1.png
DALLE,071-2.png
DALLE,071-3.png
DALLE,071-4.png
DALLE,072-1.png
DALLE,072-2.png
DALLE,072-3.png
DALLE,072-4.png
DALLE,073-1.png
DALLE,073-2.png
DALLE,073-3.png
DALLE,073-4.png
DALLE,074-1.png
DALLE,074-2.png
DALLE,074-3.png
DALLE,074-4.png
DALLE,075-1.png
DALLE,075-2.png
DALLE,075-3.png
DALLE,075-4.png
DALLE,076-1.png
DALLE,076-2.png
DALLE,076-3.png
DALLE,076-4.png
DALLE,077-1.png
DALLE,077-2.png
DALLE,077-3.png
DALLE,077-4.png
DALLE,078-1.png
DALLE,078-2.png
DALLE,078-3.png
DALLE,078-4.png
DALLE,079-1.png
DALLE,079-2.png
DALLE,079-3.png
DALLE,079-4.png
DALLE,080-1.png
DALLE,080-2.png
DALLE,080-3.png
DALLE,080-4.png
DALLE,081-1.png
DALLE,081-2.png
DALLE,081-3.png
DALLE,081-4.png
DALLE,082-1.png
DALLE,082-2.png
DALLE,082-3.png
DALLE,082-4.png
DALLE,083-1.png
DALLE,083-2.png
DALLE,083-3.png
DALLE,083-4.png
DALLE,084-1.png
DALLE,084-2.png
DALLE,084-3.png
DALLE,084-4.png
DALLE,085-1.png
DALLE,085-2.png
DALLE,085-3.png
DALLE,085-4.png
DALLE,086-1.png
DALLE,086-2.png
DALLE,086-3.png
DALLE,086-4.png
DALLE,087-1.png
DALLE,087-2.png
DALLE,087-3.png
DALLE,087-4.png
DALLE,088-1.png
DALLE,088-2.png
DALLE,088-3.png
DALLE,088-4.png
DALLE,089-1.png
DALLE,089-2.png
DALLE,089-3.png
DALLE,089-4.png
DALLE,090-1.png
DALLE,090-2.png
DALLE,090-3.png
DALLE,090-4.png
DALLE,091-1.png
DALLE,091-2.png
DALLE,091-3.png
DALLE,091-4.png
DALLE,092-1.png
DALLE,092-2.png
DALLE,092-3.png
DALLE,092-4.png
DALLE,093-1.png
DALLE,093-2.png
DALLE,093-3.png
DALLE,093-4.png
DALLE,094-1.png
DALLE,094-2.png
DALLE,094-3.png
DALLE,094-4.png
DALLE,095-1.png
DALLE,095-2.png
DALLE,095-3.png
DALLE,095-4.png
DALLE,096-1.png
DALLE,096-2.png
DALLE,096-3.png
DALLE,096-4.png
DALLE,097-1.png
DALLE,097-2.png
DALLE,097-3.png
DALLE,097-4.png
DALLE,098-1.png
DALLE,098-2.png
DALLE,098-3.png
DALLE,098-4.png
DALLE,099-1.png
DALLE,099-2.png
DALLE,099-3.png
DALLE,099-4.png
Glide,000-1.png
Glide,000-2.png
Glide,000-3.png
Glide,000-4.png
Glide,001-1.png
Glide,001-2.png
Glide,001-3.png
Glide,001-4.png
Glide,002-1.png
Glide,002-2.png
Glide,002-3.png
Glide,002-4.png
Glide,003-1.png
Glide,003-2.png
Glide,003-3.png
Glide,003-4.png
Glide,004-1.png
Glide,004-2.png
Glide,004-3.png
Glide,004-4.png
Glide,005-1.png
Glide,005-2.png
Glide,005-3.png
Glide,005-4.png
Glide,006-1.png
Glide,006-2.png
Glide,006-3.png
Glide,006-4.png
Glide,007-1.png
Glide,007-2.png
Glide,007-3.png
Glide,007-4.png
Glide,008-1.png
Glide,008-2.png
Glide,008-3.png
Glide,008-4.png
Glide,009-1.png
Glide,009-2.png
Glide,009-3.png
Glide,009-4.png
Glide,010-1.png
Glide,010-2.png
Glide,010-3.png
Glide,010-4.png
Glide,011-1.png
Glide,011-2.png
Glide,011-3.png
Glide,011-4.png
Glide,012-1.png
Glide,012-2.png
Glide,012-3.png
Glide,012-4.png
Glide,013-1.png
Glide,013-2.png
Glide,013-3.png
Glide,013-4.png
Glide,014-1.png
Glide,014-2.png
Glide,014-3.png
Glide,014-4.png
Glide,015-1.png
Glide,015-2.png
Glide,015-3.png
Glide,015-4.png
Glide,016-1.png
Glide,016-2.png
Glide,016-3.png
Glide,016-4.png
Glide,017-1.png
Glide,017-2.png
Glide,017-3.png
Glide,017-4.png
Glide,018-1.png
Glide,018-2.png
Glide,018-3.png
Glide,018-4.png
Glide,019-1.png
Glide,019-2.png
Glide,019-3.png
Glide,019-4.png
Glide,020-1.png
Glide,020-2.png
Glide,020-3.png
Glide,020-4.png
Glide,021-1.png
Glide,021-2.png
Glide,021-3.png
Glide,021-4.png
Glide,022-1.png
Glide,022-2.png
Glide,022-3.png
Glide,022-4.png
Glide,023-1.png
Glide,023-2.png
Glide,023-3.png
Glide,023-4.png
Glide,024-1.png
Glide,024-2.png
Glide,024-3.png
Glide,024-4.png
Glide,025-1.png
Glide,025-2.png
Glide,025-3.png
Glide,025-4.png
Glide,026-1.png
Glide,026-2.png
Glide,026-3.png
Glide,026-4.png
Glide,027-1.png
Glide,027-2.png
Glide,027-3.png
Glide,027-4.png
Glide,028-1.png
Glide,028-2.png
Glide,028-3.png
Glide,028-4.png
Glide,029-1.png
Glide,029-2.png
Glide,029-3.png
Glide,029-4.png
Glide,030-1.png
Glide,030-2.png
Glide,030-3.png
Glide,030-4.png
Glide,031-1.png
Glide,031-2.png
Glide,031-3.png
Glide,031-4.png
Glide,032-1.png
Glide,032-2.png
Glide,032-3.png
Glide,032-4.png
Glide,033-1.png
Glide,033-2.png
Glide,033-3.png
Glide,033-4.png
Glide,034-1.png
Glide,034-2.png
Glide,034-3.png
Glide,034-4.png
Glide,035-1.png
Glide,035-2.png
Glide,035-3.png
Glide,035-4.png
Glide,036-1.png
Glide,036-2.png
Glide,036-3.png
Glide,036-4.png
Glide,037-1.png
Glide,037-2.png
Glide,037-3.png
Glide,037-4.png
Glide,038-1.png
Glide,038-2.png
Glide,038-3.png
Glide,038-4.png
Glide,039-1.png
Glide,039-2.png
Glide,039-3.png
Glide,039-4.png
Glide,040-1.png
Glide,040-2.png
Glide,040-3.png
Glide,040-4.png
Glide,041-1.png
Glide,041-2.png
Glide,041-3.png
Glide,041-4.png
Glide,042-1.png
Glide,042-2.png
Glide,042-3.png
Glide,042-4.png
Glide,043-1.png
Glide,043-2.png
Glide,043-3.png
Glide,043-4.png
Glide,044-1.png
Glide,044-2.png
Glide,044-3.png
Glide,044-4.png
Glide,045-1.png
Glide,045-2.png
Glide,045-3.png
Glide,045-4.png
Glide,046-1.png
Glide,046-2.png
Glide,046-3.png
Glide,046-4.png
Glide,047-1.png
Glide,047-2.png
Glide,047-3.png
Glide,047-4.png
Glide,048-1.png
Glide,048-2.png
Glide,048-3.png
Glide,048-4.png
Glide,049-1.png
Glide,049-2.png
Glide,049-3.png
Glide,049-4.png
Glide,050-1.png
Glide,050-2.png
Glide,050-3.png
Glide,050-4.png
Glide,051-1.png
Glide,051-2.png
Glide,051-3.png
Glide,051-4.png
Glide,052-1.png
Glide,052-2.png
Glide,052-3.png
Glide,052-4.png
Glide,053-1.png
Glide,053-2.png
Glide,053-3.png
Glide,053-4.png
Glide,054-1.png
Glide,054-2.png
Glide,054-3.png
Glide,054-4.png
Glide,055-1.png
Glide,055-2.png
Glide,055-3.png
Glide,055-4.png
Glide,056-1.png
Glide,056-2.png
Glide,056-3.png
Glide,056-4.png
Glide,057-1.png
Glide,057-2.png
Glide,057-3.png
Glide,057-4.png
Glide,058-1.png
Glide,058-2.png
Glide,058-3.png
Glide,058-4.png
Glide,059-1.png
Glide,059-2.png
Glide,059-3.png
Glide,059-4.png
Glide,060-1.png
Glide,060-2.png
Glide,060-3.png
Glide,060-4.png
Glide,061-1.png
Glide,061-2.png
Glide,061-3.png
Glide,061-4.png
Glide,062-1.png
Glide,062-2.png
Glide,062-3.png
Glide,062-4.png
Glide,063-1.png
Glide,063-2.png
Glide,063-3.png
Glide,063-4.png
Glide,064-1.png
Glide,064-2.png
Glide,064-3.png
Glide,064-4.png
Glide,065-1.png
Glide,065-2.png
Glide,065-3.png
Glide,065-4.png
Glide,066-1.png
Glide,066-2.png
Glide,066-3.png
Glide,066-4.png
Glide,067-1.png
Glide,067-2.png
Glide,067-3.png
Glide,067-4.png
Glide,068-1.png
Glide,068-2.png
Glide,068-3.png
Glide,068-4.png
Glide,069-1.png
Glide,069-2.png
Glide,069-3.png
Glide,069-4.png
Glide,070-1.png
Glide,070-2.png
Glide,070-3.png
Glide,070-4.png
Glide,071-1.png
Glide,071-2.png
Glide,071-3.png
Glide,071-4.png
Glide,072-1.png
Glide,072-2.png
Glide,072-3.png
Glide,072-4.png
Glide,073-1.png
Glide,073-2.png
Glide,073-3.png
Glide,073-4.png
Glide,074-1.png
Glide,074-2.png
Glide,074-3.png
Glide,074-4.png
Glide,075-1.png
Glide,075-2.png
Glide,075-3.png
Glide,075-4.png
Glide,076-1.png
Glide,076-2.png
Glide,076-3.png
Glide,076-4.png
Glide,077-1.png
Glide,077-2.png
Glide,077-3.png
Glide,077-4.png
Glide,078-1.png
Glide,078-2.png
Glide,078-3.png
Glide,078-4.png
Glide,079-1.png
Glide,079-2.png
Glide,079-3.png
Glide,079-4.png
Glide,080-1.png
Glide,080-2.png
Glide,080-3.png
Glide,080-4.png
Glide,081-1.png
Glide,081-2.png
Glide,081-3.png
Glide,081-4.png
Glide,082-1.png
Glide,082-2.png
Glide,082-3.png
Glide,082-4.png
Glide,083-1.png
Glide,083-2.png
Glide,083-3.png
Glide,083-4.png
Glide,084-1.png
Glide,084-2.png
Glide,084-3.png
Glide,084-4.png
Glide,085-1.png
Glide,085-2.png
Glide,085-3.png
Glide,085-4.png
Glide,086-1.png
Glide,086-2.png
Glide,086-3.png
Glide,086-4.png
Glide,087-1.png
Glide,087-2.png
Glide,087-3.png
Glide,087-4.png
Glide,088-1.png
Glide,088-2.png
Glide,088-3.png
Glide,088-4.png
Glide,089-1.png
Glide,089-2.png
Glide,089-3.png
Glide,089-4.png
Glide,090-1.png
Glide,090-2.png
Glide,090-3.png
Glide,090-4.png
Glide,091-1.png
Glide,091-2.png
Glide,091-3.png
Glide,091-4.png
Glide,092-1.png
Glide,092-2.png
Glide,092-3.png
Glide,092-4.png
Glide,093-1.png
Glide,093-2.png
Glide,093-3.png
Glide,093-4.png
Glide,094-1.png
Glide,094-2.png
Glide,094-3.png
Glide,094-4.png
Glide,095-1.png
Glide,095-2.png
Glide,095-3.png
Glide,095-4.png
Glide,096-1.png
Glide,096-2.png
Glide,096-3.png
Glide,096-4.png
Glide,097-1.png
Glide,097-2.png
Glide,097-3.png
Glide,097-4.png
Glide,098-1.png
Glide,098-2.png
Glide,098-3.png
Glide,098-4.png
Glide,099-1.png
Glide,099-2.png
Glide,099-3.png
Glide,099-4.png
Lafite,000-1.png
Lafite,000-2.png
Lafite,000-3.png
Lafite,000-4.png
Lafite,001-1.png
Lafite,001-2.png
Lafite,001-3.png
Lafite,001-4.png
Lafite,002-1.png
Lafite,002-2.png
Lafite,002-3.png
Lafite,002-4.png
Lafite,003-1.png
Lafite,003-2.png
Lafite,003-3.png
Lafite,003-4.png
Lafite,004-1.png
Lafite,004-2.png
Lafite,004-3.png
Lafite,004-4.png
Lafite,005-1.png
Lafite,005-2.png
Lafite,005-3.png
Lafite,005-4.png
Lafite,006-1.png
Lafite,006-2.png
Lafite,006-3.png
Lafite,006-4.png
Lafite,007-1.png
Lafite,007-2.png
Lafite,007-3.png
Lafite,007-4.png
Lafite,008-1.png
Lafite,008-2.png
Lafite,008-3.png
Lafite,008-4.png
Lafite,009-1.png
Lafite,009-2.png
Lafite,009-3.png
Lafite,009-4.png
Lafite,010-1.png
Lafite,010-2.png
Lafite,010-3.png
Lafite,010-4.png
Lafite,011-1.png
Lafite,011-2.png
Lafite,011-3.png
Lafite,011-4.png
Lafite,012-1.png
Lafite,012-2.png
Lafite,012-3.png
Lafite,012-4.png
Lafite,013-1.png
Lafite,013-2.png
Lafite,013-3.png
Lafite,013-4.png
Lafite,014-1.png
Lafite,014-2.png
Lafite,014-3.png
Lafite,014-4.png
Lafite,015-1.png
Lafite,015-2.png
Lafite,015-3.png
Lafite,015-4.png
Lafite,016-1.png
Lafite,016-2.png
Lafite,016-3.png
Lafite,016-4.png
Lafite,017-1.png
Lafite,017-2.png
Lafite,017-3.png
Lafite,017-4.png
Lafite,018-1.png
Lafite,018-2.png
Lafite,018-3.png
Lafite,018-4.png
Lafite,019-1.png
Lafite,019-2.png
Lafite,019-3.png
Lafite,019-4.png
Lafite,020-1.png
Lafite,020-2.png
Lafite,020-3.png
Lafite,020-4.png
Lafite,021-1.png
Lafite,021-2.png
Lafite,021-3.png
Lafite,021-4.png
Lafite,022-1.png
Lafite,022-2.png
Lafite,022-3.png
Lafite,022-4.png
Lafite,023-1.png
Lafite,023-2.png
Lafite,023-3.png
Lafite,023-4.png
Lafite,024-1.png
Lafite,024-2.png
Lafite,024-3.png
Lafite,024-4.png
Lafite,025-1.png
Lafite,025-2.png
Lafite,025-3.png
Lafite,025-4.png
Lafite,026-1.png
Lafite,026-2.png
Lafite,026-3.png
Lafite,026-4.png
Lafite,027-1.png
Lafite,027-2.png
Lafite,027-3.png
Lafite,027-4.png
Lafite,028-1.png
Lafite,028-2.png
Lafite,028-3.png
Lafite,028-4.png
Lafite,029-1.png
Lafite,029-2.png
Lafite,029-3.png
Lafite,029-4.png
Lafite,030-1.png
Lafite,030-2.png
Lafite,030-3.png
Lafite,030-4.png
Lafite,031-1.png
Lafite,031-2.png
Lafite,031-3.png
Lafite,031-4.png
Lafite,032-1.png
Lafite,032-2.png
Lafite,032-3.png
Lafite,032-4.png
Lafite,033-1.png
Lafite,033-2.png
Lafite,033-3.png
Lafite,033-4.png
Lafite,034-1.png
Lafite,034-2.png
Lafite,034-3.png
Lafite,034-4.png
Lafite,035-1.png
Lafite,035-2.png
Lafite,035-3.png
Lafite,035-4.png
Lafite,036-1.png
Lafite,036-2.png
Lafite,036-3.png
Lafite,036-4.png
Lafite,037-1.png
Lafite,037-2.png
Lafite,037-3.png
Lafite,037-4.png
Lafite,038-1.png
Lafite,038-2.png
Lafite,038-3.png
Lafite,038-4.png
Lafite,039-1.png
Lafite,039-2.png
Lafite,039-3.png
Lafite,039-4.png
Lafite,040-1.png
Lafite,040-2.png
Lafite,040-3.png
Lafite,040-4.png
Lafite,041-1.png
Lafite,041-2.png
Lafite,041-3.png
Lafite,041-4.png
Lafite,042-1.png
Lafite,042-2.png
Lafite,042-3.png
Lafite,042-4.png
Lafite,043-1.png
Lafite,043-2.png
Lafite,043-3.png
Lafite,043-4.png
Lafite,044-1.png
Lafite,044-2.png
Lafite,044-3.png
Lafite,044-4.png
Lafite,045-1.png
Lafite,045-2.png
Lafite,045-3.png
Lafite,045-4.png
Lafite,046-1.png
Lafite,046-2.png
Lafite,046-3.png
Lafite,046-4.png
Lafite,047-1.png
Lafite,047-2.png
Lafite,047-3.png
Lafite,047-4.png
Lafite,048-1.png
Lafite,048-2.png
Lafite,048-3.png
Lafite,048-4.png
Lafite,049-1.png
Lafite,049-2.png
Lafite,049-3.png
Lafite,049-4.png
Lafite,050-1.png
Lafite,050-2.png
Lafite,050-3.png
Lafite,050-4.png
Lafite,051-1.png
Lafite,051-2.png
Lafite,051-3.png
Lafite,051-4.png
Lafite,052-1.png
Lafite,052-2.png
Lafite,052-3.png
Lafite,052-4.png
Lafite,053-1.png
Lafite,053-2.png
Lafite,053-3.png
Lafite,053-4.png
Lafite,054-1.png
Lafite,054-2.png
Lafite,054-3.png
Lafite,054-4.png
Lafite,055-1.png
Lafite,055-2.png
Lafite,055-3.png
Lafite,055-4.png
Lafite,056-1.png
Lafite,056-2.png
Lafite,056-3.png
Lafite,056-4.png
Lafite,057-1.png
Lafite,057-2.png
Lafite,057-3.png
Lafite,057-4.png
Lafite,058-1.png
Lafite,058-2.png
Lafite,058-3.png
Lafite,058-4.png
Lafite,059-1.png
Lafite,059-2.png
Lafite,059-3.png
Lafite,059-4.png
Lafite,060-1.png
Lafite,060-2.png
Lafite,060-3.png
Lafite,060-4.png
Lafite,061-1.png
Lafite,061-2.png
Lafite,061-3.png
Lafite,061-4.png
Lafite,062-1.png
Lafite,062-2.png
Lafite,062-3.png
Lafite,062-4.png
Lafite,063-1.png
Lafite,063-2.png
Lafite,063-3.png
Lafite,063-4.png
Lafite,064-1.png
Lafite,064-2.png
Lafite,064-3.png
Lafite,064-4.png
Lafite,065-1.png
Lafite,065-2.png
Lafite,065-3.png
Lafite,065-4.png
Lafite,066-1.png
Lafite,066-2.png
Lafite,066-3.png
Lafite,066-4.png
Lafite,067-1.png
Lafite,067-2.png
Lafite,067-3.png
Lafite,067-4.png
Lafite,068-1.png
Lafite,068-2.png
Lafite,068-3.png
Lafite,068-4.png
Lafite,069-1.png
Lafite,069-2.png
Lafite,069-3.png
Lafite,069-4.png
Lafite,070-1.png
Lafite,070-2.png
Lafite,070-3.png
Lafite,070-4.png
Lafite,071-1.png
Lafite,071-2.png
Lafite,071-3.png
Lafite,071-4.png
Lafite,072-1.png
Lafite,072-2.png
Lafite,072-3.png
Lafite,072-4.png
Lafite,073-1.png
Lafite,073-2.png
Lafite,073-3.png
Lafite,073-4.png
Lafite,074-1.png
Lafite,074-2.png
Lafite,074-3.png
Lafite,074-4.png
Lafite,075-1.png
Lafite,075-2.png
Lafite,075-3.png
Lafite,075-4.png
Lafite,076-1.png
Lafite,076-2.png
Lafite,076-3.png
Lafite,076-4.png
Lafite,077-1.png
Lafite,077-2.png
Lafite,077-3.png
Lafite,077-4.png
Lafite,078-1.png
Lafite,078-2.png
Lafite,078-3.png
Lafite,078-4.png
Lafite,079-1.png
Lafite,079-2.png
Lafite,079-3.png
Lafite,079-4.png
Lafite,080-1.png
Lafite,080-2.png
Lafite,080-3.png
Lafite,080-4.png
Lafite,081-1.png
Lafite,081-2.png
Lafite,081-3.png
Lafite,081-4.png
Lafite,082-1.png
Lafite,082-2.png
Lafite,082-3.png
Lafite,082-4.png
Lafite,083-1.png
Lafite,083-2.png
Lafite,083-3.png
Lafite,083-4.png
Lafite,084-1.png
Lafite,084-2.png
Lafite,084-3.png
Lafite,084-4.png
Lafite,085-1.png
Lafite,085-2.png
Lafite,085-3.png
Lafite,085-4.png
Lafite,086-1.png
Lafite,086-2.png
Lafite,086-3.png
Lafite,086-4.png
Lafite,087-1.png
Lafite,087-2.png
Lafite,087-3.png
Lafite,087-4.png
Lafite,088-1.png
Lafite,088-2.png
Lafite,088-3.png
Lafite,088-4.png
Lafite,089-1.png
Lafite,089-2.png
Lafite,089-3.png
Lafite,089-4.png
Lafite,090-1.png
Lafite,090-2.png
Lafite,090-3.png
Lafite,090-4.png
Lafite,091-1.png
Lafite,091-2.png
Lafite,091-3.png
Lafite,091-4.png
Lafite,092-1.png
Lafite,092-2.png
Lafite,092-3.png
Lafite,092-4.png
Lafite,093-1.png
Lafite,093-2.png
Lafite,093-3.png
Lafite,093-4.png
Lafite,094-1.png
Lafite,094-2.png
Lafite,094-3.png
Lafite,094-4.png
Lafite,095-1.png
Lafite,095-2.png
Lafite,095-3.png
Lafite,095-4.png
Lafite,096-1.png
Lafite,096-2.png
Lafite,096-3.png
Lafite,096-4.png
Lafite,097-1.png
Lafite,097-2.png
Lafite,097-3.png
Lafite,097-4.png
Lafite,098-1.png
Lafite,098-2.png
Lafite,098-3.png
Lafite,098-4.png
Lafite,099-1.png
Lafite,099-2.png
Lafite,099-3.png
Lafite,099-4.png
stable-diffusion,000-1.png
stable-diffusion,000-2.png
stable-diffusion,000-3.png
stable-diffusion,000-4.png
stable-diffusion,001-1.png
stable-diffusion,001-2.png
stable-diffusion,001-3.png
stable-diffusion,001-4.png
stable-diffusion,002-1.png
stable-diffusion,002-2.png
stable-diffusion,002-3.png
stable-diffusion,002-4.png
stable-diffusion,003-1.png
stable-diffusion,003-2.png
stable-diffusion,003-3.png
stable-diffusion,003-4.png
stable-diffusion,004-1.png
stable-diffusion,004-2.png
stable-diffusion,004-3.png
stable-diffusion,004-4.png
stable-diffusion,005-1.png
stable-diffusion,005-2.png
stable-diffusion,005-3.png
stable-diffusion,005-4.png
stable-diffusion,006-1.png
stable-diffusion,006-2.png
stable-diffusion,006-3.png
stable-diffusion,006-4.png
stable-diffusion,007-1.png
stable-diffusion,007-2.png
stable-diffusion,007-3.png
stable-diffusion,007-4.png
stable-diffusion,008-1.png
stable-diffusion,008-2.png
stable-diffusion,008-3.png
stable-diffusion,008-4.png
stable-diffusion,009-1.png
stable-diffusion,009-2.png
stable-diffusion,009-3.png
stable-diffusion,009-4.png
stable-diffusion,010-1.png
stable-diffusion,010-2.png
stable-diffusion,010-3.png
stable-diffusion,010-4.png
stable-diffusion,011-1.png
stable-diffusion,011-2.png
stable-diffusion,011-3.png
stable-diffusion,011-4.png
stable-diffusion,012-1.png
stable-diffusion,012-2.png
stable-diffusion,012-3.png
stable-diffusion,012-4.png
stable-diffusion,013-1.png
stable-diffusion,013-2.png
stable-diffusion,013-3.png
stable-diffusion,013-4.png
stable-diffusion,014-1.png
stable-diffusion,014-2.png
stable-diffusion,014-3.png
stable-diffusion,014-4.png
stable-diffusion,015-1.png
stable-diffusion,015-2.png
stable-diffusion,015-3.png
stable-diffusion,015-4.png
stable-diffusion,016-1.png
stable-diffusion,016-2.png
stable-diffusion,016-3.png
stable-diffusion,016-4.png
stable-diffusion,017-1.png
stable-diffusion,017-2.png
stable-diffusion,017-3.png
stable-diffusion,017-4.png
stable-diffusion,018-1.png
stable-diffusion,018-2.png
stable-diffusion,018-3.png
stable-diffusion,018-4.png
stable-diffusion,019-1.png
stable-diffusion,019-2.png
stable-diffusion,019-3.png
stable-diffusion,019-4.png
stable-diffusion,020-1.png
stable-diffusion,020-2.png
stable-diffusion,020-3.png
stable-diffusion,020-4.png
stable-diffusion,021-1.png
stable-diffusion,021-2.png
stable-diffusion,021-3.png
stable-diffusion,021-4.png
stable-diffusion,022-1.png
stable-diffusion,022-2.png
stable-diffusion,022-3.png
stable-diffusion,022-4.png
stable-diffusion,023-1.png
stable-diffusion,023-2.png
stable-diffusion,023-3.png
stable-diffusion,023-4.png
stable-diffusion,024-1.png
stable-diffusion,024-2.png
stable-diffusion,024-3.png
stable-diffusion,024-4.png
stable-diffusion,025-1.png
stable-diffusion,025-2.png
stable-diffusion,025-3.png
stable-diffusion,025-4.png
stable-diffusion,026-1.png
stable-diffusion,026-2.png
stable-diffusion,026-3.png
stable-diffusion,026-4.png
stable-diffusion,027-1.png
stable-diffusion,027-2.png
stable-diffusion,027-3.png
stable-diffusion,027-4.png
stable-diffusion,028-1.png
stable-diffusion,028-2.png
stable-diffusion,028-3.png
stable-diffusion,028-4.png
stable-diffusion,029-1.png
stable-diffusion,029-2.png
stable-diffusion,029-3.png
stable-diffusion,029-4.png
stable-diffusion,030-1.png
stable-diffusion,030-2.png
stable-diffusion,030-3.png
stable-diffusion,030-4.png
stable-diffusion,031-1.png
stable-diffusion,031-2.png
stable-diffusion,031-3.png
stable-diffusion,031-4.png
stable-diffusion,032-1.png
stable-diffusion,032-2.png
stable-diffusion,032-3.png
stable-diffusion,032-4.png
stable-diffusion,033-1.png
stable-diffusion,033-2.png
stable-diffusion,033-3.png
stable-diffusion,033-4.png
stable-diffusion,034-1.png
stable-diffusion,034-2.png
stable-diffusion,034-3.png
stable-diffusion,034-4.png
stable-diffusion,035-1.png
stable-diffusion,035-2.png
stable-diffusion,035-3.png
stable-diffusion,035-4.png
stable-diffusion,036-1.png
stable-diffusion,036-2.png
stable-diffusion,036-3.png
stable-diffusion,036-4.png
stable-diffusion,037-1.png
stable-diffusion,037-2.png
stable-diffusion,037-3.png
stable-diffusion,037-4.png
stable-diffusion,038-1.png
stable-diffusion,038-2.png
stable-diffusion,038-3.png
stable-diffusion,038-4.png
stable-diffusion,039-1.png
stable-diffusion,039-2.png
stable-diffusion,039-3.png
stable-diffusion,039-4.png
stable-diffusion,040-1.png
stable-diffusion,040-2.png
stable-diffusion,040-3.png
stable-diffusion,040-4.png
stable-diffusion,041-1.png
stable-diffusion,041-2.png
stable-diffusion,041-3.png
stable-diffusion,041-4.png
stable-diffusion,042-1.png
stable-diffusion,042-2.png
stable-diffusion,042-3.png
stable-diffusion,042-4.png
stable-diffusion,043-1.png
stable-diffusion,043-2.png
stable-diffusion,043-3.png
stable-diffusion,043-4.png
stable-diffusion,044-1.png
stable-diffusion,044-2.png
stable-diffusion,044-3.png
stable-diffusion,044-4.png
stable-diffusion,045-1.png
stable-diffusion,045-2.png
stable-diffusion,045-3.png
stable-diffusion,045-4.png
stable-diffusion,046-1.png
stable-diffusion,046-2.png
stable-diffusion,046-3.png
stable-diffusion,046-4.png
stable-diffusion,047-1.png
stable-diffusion,047-2.png
stable-diffusion,047-3.png
stable-diffusion,047-4.png
stable-diffusion,048-1.png
stable-diffusion,048-2.png
stable-diffusion,048-3.png
stable-diffusion,048-4.png
stable-diffusion,049-1.png
stable-diffusion,049-2.png
stable-diffusion,049-3.png
stable-diffusion,049-4.png
stable-diffusion,050-1.png
stable-diffusion,050-2.png
stable-diffusion,050-3.png
stable-diffusion,050-4.png
stable-diffusion,051-1.png
stable-diffusion,051-2.png
stable-diffusion,051-3.png
stable-diffusion,051-4.png
stable-diffusion,052-1.png
stable-diffusion,052-2.png
stable-diffusion,052-3.png
stable-diffusion,052-4.png
stable-diffusion,053-1.png
stable-diffusion,053-2.png
stable-diffusion,053-3.png
stable-diffusion,053-4.png
stable-diffusion,054-1.png
stable-diffusion,054-2.png
stable-diffusion,054-3.png
stable-diffusion,054-4.png
stable-diffusion,055-1.png
stable-diffusion,055-2.png
stable-diffusion,055-3.png
stable-diffusion,055-4.png
stable-diffusion,056-1.png
stable-diffusion,056-2.png
stable-diffusion,056-3.png
stable-diffusion,056-4.png
stable-diffusion,057-1.png
stable-diffusion,057-2.png
stable-diffusion,057-3.png
stable-diffusion,057-4.png
stable-diffusion,058-1.png
stable-diffusion,058-2.png
stable-diffusion,058-3.png
stable-diffusion,058-4.png
stable-diffusion,059-1.png
stable-diffusion,059-2.png
stable-diffusion,059-3.png
stable-diffusion,059-4.png
stable-diffusion,060-1.png
stable-diffusion,060-2.png
stable-diffusion,060-3.png
stable-diffusion,060-4.png
stable-diffusion,061-1.png
stable-diffusion,061-2.png
stable-diffusion,061-3.png
stable-diffusion,061-4.png
stable-diffusion,062-1.png
stable-diffusion,062-2.png
stable-diffusion,062-3.png
stable-diffusion,062-4.png
stable-diffusion,063-1.png
stable-diffusion,063-2.png
stable-diffusion,063-3.png
stable-diffusion,063-4.png
stable-diffusion,064-1.png
stable-diffusion,064-2.png
stable-diffusion,064-3.png
stable-diffusion,064-4.png
stable-diffusion,065-1.png
stable-diffusion,065-2.png
stable-diffusion,065-3.png
stable-diffusion,065-4.png
stable-diffusion,066-1.png
stable-diffusion,066-2.png
stable-diffusion,066-3.png
stable-diffusion,066-4.png
stable-diffusion,067-1.png
stable-diffusion,067-2.png
stable-diffusion,067-3.png
stable-diffusion,067-4.png
stable-diffusion,068-1.png
stable-diffusion,068-2.png
stable-diffusion,068-3.png
stable-diffusion,068-4.png
stable-diffusion,069-1.png
stable-diffusion,069-2.png
stable-diffusion,069-3.png
stable-diffusion,069-4.png
stable-diffusion,070-1.png
stable-diffusion,070-2.png
stable-diffusion,070-3.png
stable-diffusion,070-4.png
stable-diffusion,071-1.png
stable-diffusion,071-2.png
stable-diffusion,071-3.png
stable-diffusion,071-4.png
stable-diffusion,072-1.png
stable-diffusion,072-2.png
stable-diffusion,072-3.png
stable-diffusion,072-4.png
stable-diffusion,073-1.png
stable-diffusion,073-2.png
stable-diffusion,073-3.png
stable-diffusion,073-4.png
stable-diffusion,074-1.png
stable-diffusion,074-2.png
stable-diffusion,074-3.png
stable-diffusion,074-4.png
stable-diffusion,075-1.png
stable-diffusion,075-2.png
stable-diffusion,075-3.png
stable-diffusion,075-4.png
stable-diffusion,076-1.png
stable-diffusion,076-2.png
stable-diffusion,076-3.png
stable-diffusion,076-4.png
stable-diffusion,077-1.png
stable-diffusion,077-2.png
stable-diffusion,077-3.png
stable-diffusion,077-4.png
stable-diffusion,078-1.png
stable-diffusion,078-2.png
stable-diffusion,078-3.png
stable-diffusion,078-4.png
stable-diffusion,079-1.png
stable-diffusion,079-2.png
stable-diffusion,079-3.png
stable-diffusion,079-4.png
stable-diffusion,080-1.png
stable-diffusion,080-2.png
stable-diffusion,080-3.png
stable-diffusion,080-4.png
stable-diffusion,081-1.png
stable-diffusion,081-2.png
stable-diffusion,081-3.png
stable-diffusion,081-4.png
stable-diffusion,082-1.png
stable-diffusion,082-2.png
stable-diffusion,082-3.png
stable-diffusion,082-4.png
stable-diffusion,083-1.png
stable-diffusion,083-2.png
stable-diffusion,083-3.png
stable-diffusion,083-4.png
stable-diffusion,084-1.png
stable-diffusion,084-2.png
stable-diffusion,084-3.png
stable-diffusion,084-4.png
stable-diffusion,085-1.png
stable-diffusion,085-2.png
stable-diffusion,085-3.png
stable-diffusion,085-4.png
stable-diffusion,086-1.png
stable-diffusion,086-2.png
stable-diffusion,086-3.png
stable-diffusion,086-4.png
stable-diffusion,087-1.png
stable-diffusion,087-2.png
stable-diffusion,087-3.png
stable-diffusion,087-4.png
stable-diffusion,088-1.png
stable-diffusion,088-2.png
stable-diffusion,088-3.png
stable-diffusion,088-4.png
stable-diffusion,089-1.png
stable-diffusion,089-2.png
stable-diffusion,089-3.png
stable-diffusion,089-4.png
stable-diffusion,090-1.png
stable-diffusion,090-2.png
stable-diffusion,090-3.png
stable-diffusion,090-4.png
stable-diffusion,091-1.png
stable-diffusion,091-2.png
stable-diffusion,091-3.png
stable-diffusion,091-4.png
stable-diffusion,092-1.png
stable-diffusion,092-2.png
stable-diffusion,092-3.png
stable-diffusion,092-4.png
stable-diffusion,093-1.png
stable-diffusion,093-2.png
stable-diffusion,093-3.png
stable-diffusion,093-4.png
stable-diffusion,094-1.png
stable-diffusion,094-2.png
stable-diffusion,094-3.png
stable-diffusion,094-4.png
stable-diffusion,095-1.png
stable-diffusion,095-2.png
stable-diffusion,095-3.png
stable-diffusion,095-4.png
stable-diffusion,096-1.png
stable-diffusion,096-2.png
stable-diffusion,096-3.png
stable-diffusion,096-4.png
stable-diffusion,097-1.png
stable-diffusion,097-2.png
stable-diffusion,097-3.png
stable-diffusion,097-4.png
stable-diffusion,098-1.png
stable-diffusion,098-2.png
stable-diffusion,098-3.png
stable-diffusion,098-4.png
stable-diffusion,099-1.png
stable-diffusion,099-2.png
stable-diffusion,099-3.png
stable-diffusion,099-4.png
Unidiffuser,000-1.png
Unidiffuser,000-2.png
Unidiffuser,000-3.png
Unidiffuser,000-4.png
Unidiffuser,001-1.png
Unidiffuser,001-2.png
Unidiffuser,001-3.png
Unidiffuser,001-4.png
Unidiffuser,002-1.png
Unidiffuser,002-2.png
Unidiffuser,002-3.png
Unidiffuser,002-4.png
Unidiffuser,003-1.png
Unidiffuser,003-2.png
Unidiffuser,003-3.png
Unidiffuser,003-4.png
Unidiffuser,004-1.png
Unidiffuser,004-2.png
Unidiffuser,004-3.png
Unidiffuser,004-4.png
Unidiffuser,005-1.png
Unidiffuser,005-2.png
Unidiffuser,005-3.png
Unidiffuser,005-4.png
Unidiffuser,006-1.png
Unidiffuser,006-2.png
Unidiffuser,006-3.png
Unidiffuser,006-4.png
Unidiffuser,007-1.png
Unidiffuser,007-2.png
Unidiffuser,007-3.png
Unidiffuser,007-4.png
Unidiffuser,008-1.png
Unidiffuser,008-2.png
Unidiffuser,008-3.png
Unidiffuser,008-4.png
Unidiffuser,009-1.png
Unidiffuser,009-2.png
Unidiffuser,009-3.png
Unidiffuser,009-4.png
Unidiffuser,010-1.png
Unidiffuser,010-2.png
Unidiffuser,010-3.png
Unidiffuser,010-4.png
Unidiffuser,011-1.png
Unidiffuser,011-2.png
Unidiffuser,011-3.png
Unidiffuser,011-4.png
Unidiffuser,012-1.png
Unidiffuser,012-2.png
Unidiffuser,012-3.png
Unidiffuser,012-4.png
Unidiffuser,013-1.png
Unidiffuser,013-2.png
Unidiffuser,013-3.png
Unidiffuser,013-4.png
Unidiffuser,014-1.png
Unidiffuser,014-2.png
Unidiffuser,014-3.png
Unidiffuser,014-4.png
Unidiffuser,015-1.png
Unidiffuser,015-2.png
Unidiffuser,015-3.png
Unidiffuser,015-4.png
Unidiffuser,016-1.png
Unidiffuser,016-2.png
Unidiffuser,016-3.png
Unidiffuser,016-4.png
Unidiffuser,017-1.png
Unidiffuser,017-2.png
Unidiffuser,017-3.png
Unidiffuser,017-4.png
Unidiffuser,018-1.png
Unidiffuser,018-2.png
Unidiffuser,018-3.png
Unidiffuser,018-4.png
Unidiffuser,019-1.png
Unidiffuser,019-2.png
Unidiffuser,019-3.png
Unidiffuser,019-4.png
Unidiffuser,020-1.png
Unidiffuser,020-2.png
Unidiffuser,020-3.png
Unidiffuser,020-4.png
Unidiffuser,021-1.png
Unidiffuser,021-2.png
Unidiffuser,021-3.png
Unidiffuser,021-4.png
Unidiffuser,022-1.png
Unidiffuser,022-2.png
Unidiffuser,022-3.png
Unidiffuser,022-4.png
Unidiffuser,023-1.png
Unidiffuser,023-2.png
Unidiffuser,023-3.png
Unidiffuser,023-4.png
Unidiffuser,024-1.png
Unidiffuser,024-2.png
Unidiffuser,024-3.png
Unidiffuser,024-4.png
Unidiffuser,025-1.png
Unidiffuser,025-2.png
Unidiffuser,025-3.png
Unidiffuser,025-4.png
Unidiffuser,026-1.png
Unidiffuser,026-2.png
Unidiffuser,026-3.png
Unidiffuser,026-4.png
Unidiffuser,027-1.png
Unidiffuser,027-2.png
Unidiffuser,027-3.png
Unidiffuser,027-4.png
Unidiffuser,028-1.png
Unidiffuser,028-2.png
Unidiffuser,028-3.png
Unidiffuser,028-4.png
Unidiffuser,029-1.png
Unidiffuser,029-2.png
Unidiffuser,029-3.png
Unidiffuser,029-4.png
Unidiffuser,030-1.png
Unidiffuser,030-2.png
Unidiffuser,030-3.png
Unidiffuser,030-4.png
Unidiffuser,031-1.png
Unidiffuser,031-2.png
Unidiffuser,031-3.png
Unidiffuser,031-4.png
Unidiffuser,032-1.png
Unidiffuser,032-2.png
Unidiffuser,032-3.png
Unidiffuser,032-4.png
Unidiffuser,033-1.png
Unidiffuser,033-2.png
Unidiffuser,033-3.png
Unidiffuser,033-4.png
Unidiffuser,034-1.png
Unidiffuser,034-2.png
Unidiffuser,034-3.png
Unidiffuser,034-4.png
Unidiffuser,035-1.png
Unidiffuser,035-2.png
Unidiffuser,035-3.png
Unidiffuser,035-4.png
Unidiffuser,036-1.png
Unidiffuser,036-2.png
Unidiffuser,036-3.png
Unidiffuser,036-4.png
Unidiffuser,037-1.png
Unidiffuser,037-2.png
Unidiffuser,037-3.png
Unidiffuser,037-4.png
Unidiffuser,038-1.png
Unidiffuser,038-2.png
Unidiffuser,038-3.png
Unidiffuser,038-4.png
Unidiffuser,039-1.png
Unidiffuser,039-2.png
Unidiffuser,039-3.png
Unidiffuser,039-4.png
Unidiffuser,040-1.png
Unidiffuser,040-2.png
Unidiffuser,040-3.png
Unidiffuser,040-4.png
Unidiffuser,041-1.png
Unidiffuser,041-2.png
Unidiffuser,041-3.png
Unidiffuser,041-4.png
Unidiffuser,042-1.png
Unidiffuser,042-2.png
Unidiffuser,042-3.png
Unidiffuser,042-4.png
Unidiffuser,043-1.png
Unidiffuser,043-2.png
Unidiffuser,043-3.png
Unidiffuser,043-4.png
Unidiffuser,044-1.png
Unidiffuser,044-2.png
Unidiffuser,044-3.png
Unidiffuser,044-4.png
Unidiffuser,045-1.png
Unidiffuser,045-2.png
Unidiffuser,045-3.png
Unidiffuser,045-4.png
Unidiffuser,046-1.png
Unidiffuser,046-2.png
Unidiffuser,046-3.png
Unidiffuser,046-4.png
Unidiffuser,047-1.png
Unidiffuser,047-2.png
Unidiffuser,047-3.png
Unidiffuser,047-4.png
Unidiffuser,048-1.png
Unidiffuser,048-2.png
Unidiffuser,048-3.png
Unidiffuser,048-4.png
Unidiffuser,049-1.png
Unidiffuser,049-2.png
Unidiffuser,049-3.png
Unidiffuser,049-4.png
Unidiffuser,050-1.png
Unidiffuser,050-2.png
Unidiffuser,050-3.png
Unidiffuser,050-4.png
Unidiffuser,051-1.png
Unidiffuser,051-2.png
Unidiffuser,051-3.png
Unidiffuser,051-4.png
Unidiffuser,052-1.png
Unidiffuser,052-2.png
Unidiffuser,052-3.png
Unidiffuser,052-4.png
Unidiffuser,053-1.png
Unidiffuser,053-2.png
Unidiffuser,053-3.png
Unidiffuser,053-4.png
Unidiffuser,054-1.png
Unidiffuser,054-2.png
Unidiffuser,054-3.png
Unidiffuser,054-4.png
Unidiffuser,055-1.png
Unidiffuser,055-2.png
Unidiffuser,055-3.png
Unidiffuser,055-4.png
Unidiffuser,056-1.png
Unidiffuser,056-2.png
Unidiffuser,056-3.png
Unidiffuser,056-4.png
Unidiffuser,057-1.png
Unidiffuser,057-2.png
Unidiffuser,057-3.png
Unidiffuser,057-4.png
Unidiffuser,058-1.png
Unidiffuser,058-2.png
Unidiffuser,058-3.png
Unidiffuser,058-4.png
Unidiffuser,059-1.png
Unidiffuser,059-2.png
Unidiffuser,059-3.png
Unidiffuser,059-4.png
Unidiffuser,060-1.png
Unidiffuser,060-2.png
Unidiffuser,060-3.png
Unidiffuser,060-4.png
Unidiffuser,061-1.png
Unidiffuser,061-2.png
Unidiffuser,061-3.png
Unidiffuser,061-4.png
Unidiffuser,062-1.png
Unidiffuser,062-2.png
Unidiffuser,062-3.png
Unidiffuser,062-4.png
Unidiffuser,063-1.png
Unidiffuser,063-2.png
Unidiffuser,063-3.png
Unidiffuser,063-4.png
Unidiffuser,064-1.png
Unidiffuser,064-2.png
Unidiffuser,064-3.png
Unidiffuser,064-4.png
Unidiffuser,065-1.png
Unidiffuser,065-2.png
Unidiffuser,065-3.png
Unidiffuser,065-4.png
Unidiffuser,066-1.png
Unidiffuser,066-2.png
Unidiffuser,066-3.png
Unidiffuser,066-4.png
Unidiffuser,067-1.png
Unidiffuser,067-2.png
Unidiffuser,067-3.png
Unidiffuser,067-4.png
Unidiffuser,068-1.png
Unidiffuser,068-2.png
Unidiffuser,068-3.png
Unidiffuser,068-4.png
Unidiffuser,069-1.png
Unidiffuser,069-2.png
Unidiffuser,069-3.png
Unidiffuser,069-4.png
Unidiffuser,070-1.png
Unidiffuser,070-2.png
Unidiffuser,070-3.png
Unidiffuser,070-4.png
Unidiffuser,071-1.png
Unidiffuser,071-2.png
Unidiffuser,071-3.png
Unidiffuser,071-4.png
Unidiffuser,072-1.png
Unidiffuser,072-2.png
Unidiffuser,072-3.png
Unidiffuser,072-4.png
Unidiffuser,073-1.png
Unidiffuser,073-2.png
Unidiffuser,073-3.png
Unidiffuser,073-4.png
Unidiffuser,074-1.png
Unidiffuser,074-2.png
Unidiffuser,074-3.png
Unidiffuser,074-4.png
Unidiffuser,075-1.png
Unidiffuser,075-2.png
Unidiffuser,075-3.png
Unidiffuser,075-4.png
Unidiffuser,076-1.png
Unidiffuser,076-2.png
Unidiffuser,076-3.png
Unidiffuser,076-4.png
Unidiffuser,077-1.png
Unidiffuser,077-2.png
Unidiffuser,077-3.png
Unidiffuser,077-4.png
Unidiffuser,078-1.png
Unidiffuser,078-2.png
Unidiffuser,078-3.png
Unidiffuser,078-4.png
Unidiffuser,079-1.png
Unidiffuser,079-2.png
Unidiffuser,079-3.png
Unidiffuser,079-4.png
Unidiffuser,080-1.png
Unidiffuser,080-2.png
Unidiffuser,080-3.png
Unidiffuser,080-4.png
Unidiffuser,081-1.png
Unidiffuser,081-2.png
Unidiffuser,081-3.png
Unidiffuser,081-4.png
Unidiffuser,082-1.png
Unidiffuser,082-2.png
Unidiffuser,082-3.png
Unidiffuser,082-4.png
Unidiffuser,083-1.png
Unidiffuser,083-2.png
Unidiffuser,083-3.png
Unidiffuser,083-4.png
Unidiffuser,084-1.png
Unidiffuser,084-2.png
Unidiffuser,084-3.png
Unidiffuser,084-4.png
Unidiffuser,085-1.png
Unidiffuser,085-2.png
Unidiffuser,085-3.png
Unidiffuser,085-4.png
Unidiffuser,086-1.png
Unidiffuser,086-2.png
Unidiffuser,086-3.png
Unidiffuser,086-4.png
Unidiffuser,087-1.png
Unidiffuser,087-2.png
Unidiffuser,087-3.png
Unidiffuser,087-4.png
Unidiffuser,088-1.png
Unidiffuser,088-2.png
Unidiffuser,088-3.png
Unidiffuser,088-4.png
Unidiffuser,089-1.png
Unidiffuser,089-2.png
Unidiffuser,089-3.png
Unidiffuser,089-4.png
Unidiffuser,090-1.png
Unidiffuser,090-2.png
Unidiffuser,090-3.png
Unidiffuser,090-4.png
Unidiffuser,091-1.png
Unidiffuser,091-2.png
Unidiffuser,091-3.png
Unidiffuser,091-4.png
Unidiffuser,092-1.png
Unidiffuser,092-2.png
Unidiffuser,092-3.png
Unidiffuser,092-4.png
Unidiffuser,093-1.png
Unidiffuser,093-2.png
Unidiffuser,093-3.png
Unidiffuser,093-4.png
Unidiffuser,094-1.png
Unidiffuser,094-2.png
Unidiffuser,094-3.png
Unidiffuser,094-4.png
Unidiffuser,095-1.png
Unidiffuser,095-2.png
Unidiffuser,095-3.png
Unidiffuser,095-4.png
Unidiffuser,096-1.png
Unidiffuser,096-2.png
Unidiffuser,096-3.png
Unidiffuser,096-4.png
Unidiffuser,097-1.png
Unidiffuser,097-2.png
Unidiffuser,097-3.png
Unidiffuser,097-4.png
Unidiffuser,098-1.png
Unidiffuser,098-2.png
Unidiffuser,098-3.png
Unidiffuser,098-4.png
Unidiffuser,099-1.png
Unidiffuser,099-2.png
Unidiffuser,099-3.png
Unidiffuser,099-4.png
